-- phpMyAdmin SQL Dump
-- version 4.9.7
-- https://www.phpmyadmin.net/
--
-- Host: localhost
-- Generation Time: Nov 08, 2022 at 11:09 AM
-- Server version: 8.0.30-0ubuntu0.20.04.2
-- PHP Version: 8.0.20

SET SQL_MODE = "NO_AUTO_VALUE_ON_ZERO";
SET AUTOCOMMIT = 0;
START TRANSACTION;
SET time_zone = "+00:00";


/*!40101 SET @OLD_CHARACTER_SET_CLIENT=@@CHARACTER_SET_CLIENT */;
/*!40101 SET @OLD_CHARACTER_SET_RESULTS=@@CHARACTER_SET_RESULTS */;
/*!40101 SET @OLD_COLLATION_CONNECTION=@@COLLATION_CONNECTION */;
/*!40101 SET NAMES utf8mb4 */;

--
-- Database: `IMS`
--

-- --------------------------------------------------------

--
-- Table structure for table `admimssion`
--

CREATE TABLE `admimssion` (
  `id` int NOT NULL,
  `patient_id` int NOT NULL,
  `bed_id` int NOT NULL,
  `created_at` datetime NOT NULL,
  `discharged_at` datetime DEFAULT NULL,
  `duration` varchar(20) COLLATE utf8mb4_unicode_ci DEFAULT NULL,
  `status` varchar(30) COLLATE utf8mb4_unicode_ci DEFAULT NULL,
  `user_id` int NOT NULL,
  `outcome_id` int DEFAULT NULL,
  `admission_id` int DEFAULT NULL,
  `type_id` int NOT NULL,
  `refer_out_id` int DEFAULT NULL,
  `remark` varchar(255) COLLATE utf8mb4_unicode_ci DEFAULT NULL,
  `is_checked_in` tinyint(1) NOT NULL,
  `need_oxgen` tinyint(1) NOT NULL
) ENGINE=InnoDB DEFAULT CHARSET=utf8mb4 COLLATE=utf8mb4_unicode_ci;

--
-- Dumping data for table `admimssion`
--

INSERT INTO `admimssion` (`id`, `patient_id`, `bed_id`, `created_at`, `discharged_at`, `duration`, `status`, `user_id`, `outcome_id`, `admission_id`, `type_id`, `refer_out_id`, `remark`, `is_checked_in`, `need_oxgen`) VALUES
(26, 1, 79, '2022-04-22 15:16:07', '2022-04-23 19:34:44', NULL, '1', 1, 1, NULL, 1, NULL, NULL, 1, 0),
(27, 1, 79, '2022-04-22 15:16:07', '2022-04-23 19:34:44', NULL, '1', 1, 1, NULL, 1, NULL, NULL, 1, 0);

-- --------------------------------------------------------

--
-- Table structure for table `admimssion_type`
--

CREATE TABLE `admimssion_type` (
  `id` int NOT NULL,
  `name` varchar(50) COLLATE utf8mb4_unicode_ci NOT NULL,
  `description` longtext COLLATE utf8mb4_unicode_ci
) ENGINE=InnoDB DEFAULT CHARSET=utf8mb4 COLLATE=utf8mb4_unicode_ci;

--
-- Dumping data for table `admimssion_type`
--

INSERT INTO `admimssion_type` (`id`, `name`, `description`) VALUES
(1, 'Emergency', 'The patient has been emergency referral'),
(2, 'Non-Emergency', 'The patient has been non emergency referral');

-- --------------------------------------------------------

--
-- Table structure for table `appointment`
--

CREATE TABLE `appointment` (
  `id` int NOT NULL,
  `patient_id` int NOT NULL,
  `reason` tinytext COLLATE utf8mb4_unicode_ci NOT NULL,
  `appoint_at` datetime NOT NULL,
  `appointed_at` datetime NOT NULL,
  `user_id` int NOT NULL,
  `status` int NOT NULL,
  `unit_id` int NOT NULL,
  `priority_level_id` int DEFAULT NULL,
  `total_days` int DEFAULT NULL,
  `why_appointed_id` int DEFAULT NULL
) ENGINE=InnoDB DEFAULT CHARSET=utf8mb4 COLLATE=utf8mb4_unicode_ci;

-- --------------------------------------------------------

--
-- Table structure for table `assessment`
--

CREATE TABLE `assessment` (
  `id` int NOT NULL,
  `physcian_id` int DEFAULT NULL,
  `note` longtext COLLATE utf8mb4_unicode_ci NOT NULL,
  `patient_id` int DEFAULT NULL,
  `file` varchar(255) COLLATE utf8mb4_unicode_ci DEFAULT NULL,
  `created_at` datetime NOT NULL
) ENGINE=InnoDB DEFAULT CHARSET=utf8mb4 COLLATE=utf8mb4_unicode_ci;

--
-- Dumping data for table `assessment`
--

INSERT INTO `assessment` (`id`, `physcian_id`, `note`, `patient_id`, `file`, `created_at`) VALUES
(2, 1, 'Updated 2nd', 1, '/tmp/phpW5Y7f6', '2022-04-08 01:05:55'),
(3, 1, '<h4>Jimma University</h4>', 1, '/tmp/phpiCy5Fl', '2022-04-23 10:27:52');

-- --------------------------------------------------------

--
-- Table structure for table `bed`
--

CREATE TABLE `bed` (
  `id` int NOT NULL,
  `room_id` int NOT NULL,
  `name` varchar(30) COLLATE utf8mb4_unicode_ci NOT NULL,
  `is_functional` tinyint(1) NOT NULL,
  `type` varchar(50) COLLATE utf8mb4_unicode_ci NOT NULL,
  `accessibility` varchar(30) COLLATE utf8mb4_unicode_ci NOT NULL,
  `current_status` varchar(20) COLLATE utf8mb4_unicode_ci DEFAULT NULL,
  `updated_at` datetime DEFAULT NULL COMMENT '(DC2Type:datetime_immutable)',
  `registered_by_id` int NOT NULL
) ENGINE=InnoDB DEFAULT CHARSET=utf8mb4 COLLATE=utf8mb4_unicode_ci;

--
-- Dumping data for table `bed`
--

INSERT INTO `bed` (`id`, `room_id`, `name`, `is_functional`, `type`, `accessibility`, `current_status`, `updated_at`, `registered_by_id`) VALUES
(1, 41, 'Bed No1', 1, 'Single', '0', '2', '2022-03-10 10:41:01', 1),
(2, 41, 'Bed No2', 1, 'Single', '0', '2', '2022-03-10 10:41:18', 1),
(3, 41, 'Bed No3', 1, 'Single', '0', '2', '2022-03-10 10:41:43', 1),
(4, 41, 'Bed No4', 1, 'Single', '0', '2', '2022-03-10 10:42:08', 1),
(5, 41, 'Bed No5', 1, 'Single', '0', '2', '2022-03-10 10:42:32', 1),
(6, 41, 'Bed No6', 1, 'Single', '0', '2', '2022-03-10 10:43:05', 1),
(7, 36, 'Bed No1', 1, 'Single', '0', '2', '2022-03-10 10:45:44', 1),
(8, 36, 'Bed No2', 1, 'Single', '0', '2', '2022-03-10 10:46:44', 1),
(9, 36, 'Bed No3', 1, 'Single', '0', '2', '2022-03-10 10:47:23', 1),
(10, 36, 'Bed No4', 1, 'Single', '0', '2', '2022-03-10 10:48:37', 1),
(11, 36, 'Bed No5', 1, 'Single', '0', '2', '2022-03-10 10:49:10', 1),
(12, 36, 'Bed No6', 1, 'Single', '0', '2', '2022-03-10 10:50:18', 1),
(13, 37, 'Bed No1', 1, 'Single', '0', '2', '2022-03-10 11:45:39', 1),
(14, 37, 'Bed No2', 1, 'Single', '0', '2', '2022-03-10 11:45:48', 1),
(15, 37, 'Bed No3', 1, 'Single', '0', '2', '2022-03-10 11:45:59', 1),
(16, 37, 'Bed No4', 1, 'Single', '0', '2', '2022-03-10 11:46:07', 1),
(17, 37, 'Bed No5', 1, 'Single', '0', '2', '2022-03-10 11:46:20', 1),
(18, 37, 'Bed No6', 1, 'Single', '0', '2', '2022-03-10 11:47:04', 1),
(19, 37, 'Bed No7', 1, 'Single', '0', '2', '2022-03-10 11:47:14', 1),
(20, 37, 'Bed No8', 1, 'Single', '0', '2', '2022-03-10 11:47:24', 1),
(21, 38, 'Bed No1', 1, 'Single', '0', '2', '2022-03-10 11:48:30', 1),
(22, 38, 'Bed No2', 1, 'Single', '0', '2', '2022-03-10 11:48:42', 1),
(23, 38, 'Bed No3', 1, 'Single', '0', '2', '2022-03-10 11:48:54', 1),
(24, 38, 'Bed No4', 1, 'Single', '0', '2', '2022-03-10 11:49:02', 1),
(25, 38, 'Bed No5', 1, 'Single', '0', '2', '2022-03-10 11:49:21', 1),
(26, 38, 'Bed No6', 1, 'Single', '0', '2', '2022-03-10 11:49:54', 1),
(27, 38, 'Bed No7', 1, 'Single', '0', '2', '2022-03-10 11:50:05', 1),
(28, 38, 'Bed No8', 1, 'Single', '0', '2', '2022-03-10 11:50:14', 1),
(29, 39, 'Bed No1', 1, 'Single', '0', '2', '2022-03-10 11:50:41', 1),
(30, 39, 'Bed No2', 1, 'Single', '0', '2', '2022-03-10 11:50:48', 1),
(31, 39, 'Bed No3', 1, 'Single', '0', '2', '2022-03-10 11:50:55', 1),
(32, 39, 'Bed No4', 1, 'Single', '0', '2', '2022-03-10 11:51:04', 1),
(33, 39, 'Bed No5', 1, 'Single', '0', '2', '2022-03-10 11:51:33', 1),
(34, 39, 'Bed No6', 1, 'Single', '0', '2', '2022-03-10 11:51:42', 1),
(35, 39, 'Bed No7', 1, 'Single', '0', '2', '2022-03-10 11:51:51', 1),
(36, 39, 'Bed No8', 1, 'Single', '0', '2', '2022-03-10 11:52:30', 1),
(37, 40, 'Bed No1', 1, 'Single', '0', '2', '2022-03-10 11:52:56', 1),
(38, 40, 'Bed No2', 1, 'Single', '0', '2', '2022-03-10 11:53:03', 1),
(39, 40, 'Bed No3', 1, 'Single', '0', '2', '2022-03-10 11:53:12', 1),
(40, 40, 'Bed No4', 1, 'Single', '0', '2', '2022-03-10 11:53:19', 1),
(41, 40, 'Bed No5', 1, 'Single', '0', '2', '2022-03-10 11:53:34', 1),
(42, 40, 'Bed No6', 1, 'Single', '0', '2', '2022-03-10 11:53:42', 1),
(45, 42, 'Bed No1', 1, 'Single', '0', '2', '2022-03-10 14:15:40', 1),
(46, 42, 'Bed No2', 1, 'Single', '0', '2', '2022-03-10 14:15:49', 1),
(47, 42, 'Bed No3', 1, 'Single', '0', '2', '2022-03-10 14:15:55', 1),
(48, 42, 'Bed No4', 1, 'Single', '0', '2', '2022-03-10 14:16:24', 1),
(49, 42, 'Bed No5', 1, 'Single', '0', '2', '2022-03-10 14:16:33', 1),
(50, 42, 'Bed No6', 1, 'Single', '0', '2', '2022-03-10 14:16:47', 1),
(51, 42, 'Bed No7', 1, 'Single', '0', '2', '2022-03-10 14:17:25', 1),
(52, 42, 'Bed No8', 1, 'Single', '0', '2', '2022-03-10 14:17:39', 1),
(53, 43, 'Bed No1', 1, 'Single', '0', '2', '2022-03-10 14:18:06', 1),
(54, 43, 'Bed No2', 1, 'Single', '0', '2', '2022-03-10 14:18:12', 1),
(55, 43, 'Bed No3', 1, 'Single', '0', '2', '2022-03-10 14:18:18', 1),
(56, 43, 'Bed No4', 1, 'Single', '0', '2', '2022-03-10 14:18:26', 1),
(57, 43, 'Bed No5', 1, 'Single', '0', '2', '2022-03-10 14:18:50', 1),
(58, 43, 'Bed No6', 1, 'Single', '0', '2', '2022-03-10 14:18:58', 1),
(59, 43, 'Bed No7', 1, 'Single', '0', '2', '2022-03-10 14:19:06', 1),
(60, 43, 'Bed No8', 1, 'Single', '0', '2', '2022-03-10 14:19:52', 1),
(61, 44, 'Bed No1', 1, 'Single', '0', '2', '2022-03-10 14:20:26', 1),
(62, 44, 'Bed No2', 1, 'Single', '0', '2', '2022-03-10 14:20:32', 1),
(63, 44, 'Bed No3', 1, 'Single', '0', '2', '2022-03-10 14:20:44', 1),
(64, 44, 'Bed No4', 1, 'Single', '0', '2', '2022-03-10 14:20:51', 1),
(65, 44, 'Bed No5', 1, 'Single', '0', '2', '2022-03-10 14:20:58', 1),
(66, 44, 'Bed No6', 1, 'Single', '0', '2', '2022-03-10 14:21:05', 1),
(67, 44, 'Bed No7', 1, 'Single', '0', '2', '2022-03-10 14:21:14', 1),
(68, 44, 'Bed No8', 1, 'Single', '0', '2', '2022-03-10 14:21:34', 1),
(69, 45, 'Bed No1', 1, 'Single', '0', '2', '2022-03-10 14:22:23', 1),
(70, 45, 'Bed No2', 1, 'Single', '0', '2', '2022-03-10 14:22:30', 1),
(71, 45, 'Bed No3', 1, 'Single', '0', '2', '2022-03-10 14:22:36', 1),
(72, 45, 'Bed No4', 1, 'Single', '0', '2', '2022-03-10 14:22:43', 1),
(73, 45, 'Bed No5', 1, 'Single', '0', '2', '2022-03-10 14:24:21', 1),
(74, 45, 'Bed No6', 1, 'Single', '0', '2', '2022-03-10 14:24:29', 1),
(75, 157, 'Bed No1', 1, 'Single', '1', '2', '2022-03-10 14:26:43', 1),
(76, 157, 'Bed No2', 1, 'Single', '1', '2', '2022-03-10 14:26:49', 1),
(77, 158, 'Bed No1', 1, 'Single', '1', '2', '2022-03-10 14:27:09', 1),
(78, 158, 'Bed No2', 1, 'Single', '1', '2', '2022-03-10 14:27:16', 1),
(79, 159, 'Bed No1', 1, 'Single', '0', '2', '2022-03-10 14:28:01', 1),
(80, 159, 'Bed No2', 1, 'Single', '0', '2', '2022-03-10 14:28:07', 1),
(81, 160, 'Bed No1', 1, 'Single', '0', '2', '2022-03-10 14:28:24', 1),
(82, 160, 'Bed No2', 1, 'Single', '0', '2', '2022-03-10 14:28:33', 1),
(83, 161, 'Bed No1', 1, 'Single', '0', '2', '2022-03-10 14:28:48', 1),
(84, 162, 'Bed No1', 1, 'Single', '0', '2', '2022-03-10 14:29:27', 1),
(85, 163, 'Bed No1', 1, 'Single', '0', '2', '2022-03-10 14:29:51', 1),
(86, 164, 'Bed No1', 1, 'Single', '0', '2', '2022-03-10 14:30:21', 1),
(87, 12, 'Bed No1', 1, 'Single', '0', '2', '2022-03-10 14:31:05', 1),
(88, 12, 'Bed No2', 1, 'Single', '0', '2', '2022-03-10 14:31:11', 1),
(89, 13, 'Bed No1', 1, 'Single', '0', '2', '2022-03-10 14:32:10', 1),
(90, 13, 'Bed No2', 1, 'Single', '0', '2', '2022-03-10 14:32:22', 1),
(91, 14, 'Bed No1', 1, 'Single', '0', '2', '2022-03-10 14:32:34', 1),
(92, 14, 'Bed No1', 1, 'Single', '0', '2', '2022-03-10 14:32:45', 1),
(93, 15, 'Bed No1', 1, 'Single', '0', '2', '2022-03-10 15:08:59', 1),
(94, 15, 'Bed No2', 1, 'Single', '0', '2', '2022-03-10 15:09:13', 1),
(95, 16, 'Bed No1', 1, 'Single', '0', '2', '2022-03-10 15:09:39', 1),
(96, 17, 'Bed No1', 1, 'Single', '0', '2', '2022-03-10 15:10:54', 1),
(97, 18, 'Bed No1', 1, 'Single', '0', '2', '2022-03-10 15:11:22', 1),
(98, 19, 'Bed No1', 1, 'Single', '0', '2', '2022-03-10 15:11:37', 1),
(99, 28, 'Bed No1', 1, 'Single', '0', '2', '2022-03-10 15:12:35', 1),
(100, 28, 'Bed No2', 1, 'Single', '0', '2', '2022-03-10 15:13:10', 1),
(101, 29, 'Bed No1', 1, 'Single', '0', '2', '2022-03-10 15:20:18', 1),
(102, 29, 'Bed No2', 1, 'Single', '0', '2', '2022-03-10 15:20:23', 1),
(103, 30, 'Bed No1', 1, 'Single', '0', '2', '2022-03-10 15:20:37', 1),
(104, 30, 'Bed No2', 1, 'Single', '0', '2', '2022-03-10 15:20:42', 1),
(105, 31, 'Bed No1', 1, 'Single', '0', '2', '2022-03-10 15:22:48', 1),
(106, 31, 'Bed No2', 1, 'Single', '0', '2', '2022-03-10 15:22:54', 1),
(107, 32, 'Bed No1', 1, 'Single', '0', '2', '2022-03-10 15:23:16', 1),
(108, 33, 'Bed No1', 1, 'Single', '0', '2', '2022-03-10 15:23:54', 1),
(109, 34, 'Bed No1', 1, 'Single', '0', '2', '2022-03-10 15:24:10', 1),
(110, 35, 'Bed No1', 1, 'Single', '0', '2', '2022-03-10 15:24:24', 1),
(111, 20, 'Bed No1', 1, 'Single', '0', '2', '2022-03-10 15:24:58', 1),
(112, 20, 'Bed No2', 1, 'Single', '0', '2', '2022-03-10 15:25:04', 1),
(113, 21, 'Bed No1', 1, 'Single', '0', '2', '2022-03-10 15:25:18', 1),
(114, 21, 'Bed No2', 1, 'Single', '0', '2', '2022-03-10 15:25:27', 1),
(115, 22, 'Bed No1', 1, 'Single', '0', '2', '2022-03-10 15:25:43', 1),
(116, 22, 'Bed No2', 1, 'Single', '0', '2', '2022-03-10 15:25:48', 1),
(117, 23, 'Bed No1', 1, 'Single', '0', '2', '2022-03-10 15:26:02', 1),
(118, 23, 'Bed No2', 1, 'Single', '0', '2', '2022-03-10 15:26:08', 1),
(119, 24, 'Bed No1', 1, 'Single', '0', '2', '2022-03-10 15:26:32', 1),
(120, 25, 'Bed No1', 1, 'Single', '0', '2', '2022-03-10 15:26:44', 1),
(121, 26, 'Bed No1', 1, 'Single', '0', '2', '2022-03-10 15:26:55', 1),
(122, 27, 'Bed No1', 1, 'Single', '0', '2', '2022-03-10 15:27:08', 1),
(123, 75, 'Bed No1', 1, 'Single', '1', '2', '2022-03-10 16:48:05', 1),
(124, 75, 'Bed No2', 1, 'Single', '0', '2', '2022-03-10 16:48:13', 1),
(125, 76, 'Bed No1', 1, 'Single', '0', '2', '2022-03-10 16:48:43', 1),
(126, 76, 'Bed No2', 1, 'Single', '0', '2', '2022-03-10 16:49:41', 1),
(127, 77, 'Bed No1', 1, 'Single', '0', '2', '2022-03-10 16:51:02', 1),
(128, 77, 'Bed No2', 1, 'Single', '0', '2', '2022-03-10 16:51:11', 1),
(129, 78, 'Bed No1', 1, 'Single', '0', '2', '2022-03-10 16:51:56', 1),
(130, 78, 'Bed No2', 1, 'Single', '0', '2', '2022-03-10 16:52:05', 1),
(131, 79, 'Bed No1', 1, 'Single', '0', '2', '2022-03-10 16:52:36', 1),
(132, 80, 'Bed No1', 1, 'Single', '0', '2', '2022-03-10 16:53:04', 1),
(133, 81, 'Bed No1', 1, 'Single', '0', '2', '2022-03-10 16:54:02', 1),
(134, 82, 'Bed No1', 1, 'Single', '0', '2', '2022-03-10 16:54:30', 1),
(135, 91, 'Bed No1', 1, 'Single', '0', '2', '2022-03-10 17:11:30', 1),
(136, 91, 'Bed No2', 1, 'Single', '0', '2', '2022-03-10 17:25:32', 1),
(137, 92, 'Bed No1', 1, 'Single', '0', '2', '2022-03-10 17:26:19', 1),
(138, 92, 'Bed No2', 1, 'Single', '0', '2', '2022-03-10 17:26:25', 1),
(139, 93, 'Bed No1', 1, 'Single', '0', '2', '2022-03-10 17:26:40', 1),
(140, 93, 'Bed No2', 1, 'Single', '0', '2', '2022-03-10 17:26:46', 1),
(141, 94, 'Bed No1', 1, 'Single', '0', '2', '2022-03-10 17:32:22', 1),
(142, 94, 'Bed No2', 1, 'Single', '0', '2', '2022-03-10 17:32:28', 1),
(143, 95, 'Bed No1', 1, 'Single', '0', '2', '2022-03-10 17:33:56', 1),
(144, 96, 'Bed No1', 1, 'Single', '0', '2', '2022-03-10 17:34:03', 1),
(145, 97, 'Bed No1', 1, 'Single', '0', '2', '2022-03-10 17:34:10', 1),
(146, 98, 'Bed No1', 1, 'Single', '0', '2', '2022-03-10 17:34:19', 1),
(147, 83, 'Bed No1', 1, 'Single', '0', '2', '2022-03-10 17:35:02', 1),
(148, 83, 'Bed No2', 1, 'Single', '0', '2', '2022-03-10 17:35:08', 1),
(149, 84, 'Bed No1', 1, 'Single', '0', '2', '2022-03-10 17:35:15', 1),
(150, 84, 'Bed No2', 1, 'Single', '0', '2', '2022-03-10 17:35:20', 1),
(151, 85, 'Bed No1', 1, 'Single', '0', '2', '2022-03-10 17:35:28', 1),
(152, 85, 'Bed No2', 1, 'Single', '0', '2', '2022-03-10 17:35:34', 1),
(153, 86, 'Bed No1', 1, 'Single', '0', '2', '2022-03-10 17:35:47', 1),
(154, 86, 'Bed No2', 1, 'Single', '0', '2', '2022-03-10 17:35:52', 1),
(155, 87, 'Bed No1', 1, 'Single', '0', '2', '2022-03-10 17:36:01', 1),
(156, 87, 'Bed No2', 1, 'Single', '0', '2', '2022-03-10 17:36:08', 1),
(157, 88, 'Bed No1', 1, 'Single', '0', '2', '2022-03-10 17:36:19', 1),
(158, 89, 'Bed No1', 1, 'Single', '0', '2', '2022-03-10 17:36:26', 1),
(159, 90, 'Bed No1', 1, 'Single', '0', '2', '2022-03-10 17:36:34', 1),
(160, 99, 'Bed No1', 1, 'Single', '0', '2', '2022-03-10 17:38:17', 1),
(161, 100, 'Bed No1', 1, 'Single', '0', '2', '2022-03-10 17:38:23', 1),
(162, 101, 'Bed No1', 1, 'Single', '0', '2', '2022-03-10 17:38:29', 1),
(163, 102, 'Bed No1', 1, 'Single', '0', '2', '2022-03-10 17:38:39', 1),
(164, 103, 'Bed No1', 1, 'Single', '0', '2', '2022-03-10 17:38:51', 1),
(165, 103, 'Bed No2', 1, 'Single', '0', '2', '2022-03-10 17:38:57', 1),
(166, 104, 'Bed No1', 1, 'Single', '0', '2', '2022-03-10 17:39:03', 1),
(167, 104, 'Bed No2', 1, 'Single', '0', '2', '2022-03-10 17:39:09', 1),
(168, 105, 'Bed No1', 1, 'Single', '0', '2', '2022-03-10 17:39:28', 1),
(169, 105, 'Bed No2', 1, 'Single', '0', '2', '2022-03-10 17:39:34', 1),
(170, 106, 'Bed No1', 1, 'Single', '0', '2', '2022-03-10 17:39:41', 1),
(171, 106, 'Bed No2', 1, 'Single', '0', '2', '2022-03-10 17:39:46', 1),
(172, 107, 'Bed No1', 1, 'Single', '0', '2', '2022-03-10 17:42:14', 1),
(173, 107, 'Bed No2', 1, 'Single', '0', '2', '2022-03-10 17:42:19', 1),
(174, 107, 'Bed No3', 1, 'Single', '0', '2', '2022-03-10 17:42:27', 1),
(175, 107, 'Bed No4', 1, 'Single', '0', '2', '2022-03-10 17:42:33', 1),
(176, 107, 'Bed No5', 1, 'Single', '0', '2', '2022-03-10 17:42:40', 1),
(177, 107, 'Bed No6', 1, 'Single', '0', '2', '2022-03-10 17:42:48', 1),
(178, 108, 'Bed No1', 1, 'Single', '0', '2', '2022-03-10 17:43:23', 1),
(179, 108, 'Bed No2', 1, 'Single', '0', '2', '2022-03-10 17:43:30', 1),
(180, 108, 'Bed No3', 1, 'Single', '0', '2', '2022-03-10 17:43:35', 1),
(181, 108, 'Bed No4', 1, 'Single', '0', '2', '2022-03-10 17:43:41', 1),
(182, 108, 'Bed No5', 1, 'Single', '0', '2', '2022-03-10 17:43:59', 1),
(183, 108, 'Bed No6', 1, 'Single', '0', '2', '2022-03-10 17:44:21', 1),
(184, 108, 'Bed No7', 1, 'Single', '0', '2', '2022-03-10 17:44:27', 1),
(185, 108, 'Bed No8', 1, 'Single', '0', '2', '2022-03-10 17:44:34', 1),
(186, 109, 'Bed No1', 1, 'Single', '0', '2', '2022-03-10 17:46:40', 1),
(187, 109, 'Bed No2', 1, 'Single', '0', '2', '2022-03-10 17:46:45', 1),
(188, 109, 'Bed No3', 1, 'Single', '0', '2', '2022-03-10 17:46:50', 1),
(189, 109, 'Bed No4', 1, 'Single', '0', '2', '2022-03-10 17:46:56', 1),
(190, 109, 'Bed No5', 1, 'Single', '0', '2', '2022-03-10 17:47:07', 1),
(191, 109, 'Bed No6', 1, 'Single', '0', '2', '2022-03-10 17:47:15', 1),
(192, 109, 'Bed No7', 1, 'Single', '0', '2', '2022-03-10 17:47:24', 1),
(193, 109, 'Bed No8', 1, 'Single', '0', '2', '2022-03-10 17:47:30', 1),
(194, 110, 'Bed No1', 1, 'Single', '0', '2', '2022-03-10 17:48:57', 1),
(195, 110, 'Bed No2', 1, 'Single', '0', '2', '2022-03-10 17:49:05', 1),
(196, 110, 'Bed No3', 1, 'Single', '0', '2', '2022-03-10 17:49:10', 1),
(197, 110, 'Bed No4', 1, 'Single', '0', '2', '2022-03-10 17:49:16', 1),
(198, 110, 'Bed No5', 1, 'Single', '0', '2', '2022-03-10 17:49:30', 1),
(199, 110, 'Bed No6', 1, 'Single', '0', '2', '2022-03-10 17:49:39', 1),
(200, 110, 'Bed No7', 1, 'Single', '0', '2', '2022-03-10 17:49:47', 1),
(201, 110, 'Bed No8', 1, 'Single', '0', '2', '2022-03-10 17:49:54', 1),
(202, 111, 'Bed No1', 1, 'Single', '0', '2', '2022-03-10 17:50:09', 1),
(203, 111, 'Bed No2', 1, 'Single', '0', '2', '2022-03-10 17:50:14', 1),
(204, 111, 'Bed No3', 1, 'Single', '0', '2', '2022-03-10 17:50:19', 1),
(205, 111, 'Bed No4', 1, 'Single', '0', '2', '2022-03-10 17:50:26', 1),
(206, 111, 'Bed No5', 1, 'Single', '0', '2', '2022-03-10 17:50:33', 1),
(207, 111, 'Bed No6', 1, 'Single', '0', '2', '2022-03-10 17:50:41', 1),
(208, 112, 'Bed No1', 1, 'Single', '0', '2', '2022-03-10 17:51:27', 1),
(209, 112, 'Bed No2', 1, 'Single', '0', '2', '2022-03-10 17:51:31', 1),
(210, 112, 'Bed No3', 1, 'Single', '0', '2', '2022-03-10 17:52:12', 1),
(211, 112, 'Bed No4', 1, 'Single', '0', '2', '2022-03-10 17:52:17', 1),
(212, 112, 'Bed No5', 1, 'Single', '0', '2', '2022-03-10 17:52:26', 1),
(213, 112, 'Bed No6', 1, 'Single', '0', '2', '2022-03-10 17:52:33', 1),
(214, 113, 'Bed No1', 1, 'Single', '0', '2', '2022-03-10 17:53:11', 1),
(215, 113, 'Bed No2', 1, 'Single', '0', '2', '2022-03-10 17:53:16', 1),
(216, 113, 'Bed No3', 1, 'Single', '0', '2', '2022-03-10 17:53:25', 1),
(217, 113, 'Bed No4', 1, 'Single', '0', '2', '2022-03-10 17:53:31', 1),
(218, 113, 'Bed No5', 1, 'Single', '0', '2', '2022-03-10 17:57:10', 1),
(219, 113, 'Bed No6', 1, 'Single', '0', '2', '2022-03-10 17:57:16', 1),
(220, 113, 'Bed No7', 1, 'Single', '0', '2', '2022-03-10 17:57:26', 1),
(221, 113, 'Bed No8', 1, 'Single', '0', '2', '2022-03-10 17:57:33', 1),
(222, 114, 'Bed No1', 1, 'Single', '0', '2', '2022-03-10 17:57:53', 1),
(223, 114, 'Bed No2', 1, 'Single', '0', '2', '2022-03-10 17:58:00', 1),
(224, 114, 'Bed No3', 1, 'Single', '0', '2', '2022-03-10 17:58:06', 1),
(225, 114, 'Bed No4', 1, 'Single', '0', '2', '2022-03-10 17:58:14', 1),
(226, 114, 'Bed No5', 1, 'Single', '0', '2', '2022-03-10 17:58:21', 1),
(227, 114, 'Bed No6', 1, 'Single', '0', '2', '2022-03-10 17:58:29', 1),
(228, 114, 'Bed No7', 1, 'Single', '0', '2', '2022-03-10 17:58:35', 1),
(229, 114, 'Bed No8', 1, 'Single', '0', '2', '2022-03-10 17:58:42', 1),
(230, 115, 'Bed No1', 1, 'Single', '0', '2', '2022-03-10 17:58:58', 1),
(231, 115, 'Bed No2', 1, 'Single', '0', '2', '2022-03-10 17:59:04', 1),
(232, 115, 'Bed No3', 1, 'Single', '0', '2', '2022-03-10 17:59:09', 1),
(233, 115, 'Bed No4', 1, 'Single', '0', '2', '2022-03-10 17:59:32', 1),
(234, 115, 'Bed No5', 1, 'Single', '0', '2', '2022-03-10 17:59:39', 1),
(235, 115, 'Bed No6', 1, 'Single', '0', '2', '2022-03-10 17:59:52', 1),
(236, 115, 'Bed No7', 1, 'Single', '0', '2', '2022-03-10 18:00:04', 1),
(237, 115, 'Bed No8', 1, 'Single', '0', '2', '2022-03-10 18:00:10', 1),
(238, 116, 'Bed No1', 1, 'Single', '0', '2', '2022-03-10 18:00:22', 1),
(239, 116, 'Bed No2', 1, 'Single', '0', '2', '2022-03-10 18:00:28', 1),
(240, 116, 'Bed No3', 1, 'Single', '0', '2', '2022-03-10 18:00:33', 1),
(241, 116, 'Bed No4', 1, 'Single', '0', '2', '2022-03-10 18:00:39', 1),
(242, 116, 'Bed No5', 1, 'Single', '0', '2', '2022-03-10 18:00:45', 1),
(243, 116, 'Bed No6', 1, 'Single', '0', '2', '2022-03-10 18:00:52', 1),
(244, 125, 'Bed No1', 1, 'Single', '0', '2', '2022-03-10 18:04:00', 1),
(245, 125, 'Bed No2', 1, 'Single', '0', '2', '2022-03-10 18:04:06', 1),
(246, 125, 'Bed No3', 1, 'Single', '0', '2', '2022-03-10 18:04:12', 1),
(247, 125, 'Bed No4', 1, 'Single', '0', '2', '2022-03-10 18:05:02', 1),
(248, 125, 'Bed No5', 1, 'Single', '0', '2', '2022-03-10 18:05:11', 1),
(249, 125, 'Bed No6', 1, 'Single', '0', '2', '2022-03-10 18:05:17', 1),
(250, 126, 'Bed No1', 1, 'Single', '0', '2', '2022-03-10 18:05:33', 1),
(251, 126, 'Bed No2', 1, 'Single', '0', '2', '2022-03-10 18:05:39', 1),
(252, 126, 'Bed No3', 1, 'Single', '0', '2', '2022-03-10 18:06:13', 1),
(253, 126, 'Bed No4', 1, 'Single', '0', '2', '2022-03-10 18:06:27', 1),
(254, 126, 'Bed No5', 1, 'Single', '0', '2', '2022-03-10 18:06:44', 1),
(255, 126, 'Bed No6', 1, 'Single', '0', '2', '2022-03-10 18:06:50', 1),
(256, 126, 'Bed No7', 1, 'Single', '0', '2', '2022-03-10 18:06:57', 1),
(257, 126, 'Bed No8', 1, 'Single', '0', '2', '2022-03-10 18:07:03', 1),
(258, 127, 'Bed No1', 1, 'Single', '0', '2', '2022-03-10 18:07:16', 1),
(259, 127, 'Bed No2', 1, 'Single', '0', '2', '2022-03-10 18:07:49', 1),
(260, 127, 'Bed No3', 1, 'Single', '0', '2', '2022-03-10 18:07:54', 1),
(261, 127, 'Bed No4', 1, 'Single', '0', '2', '2022-03-10 18:08:05', 1),
(262, 127, 'Bed No5', 1, 'Single', '0', '2', '2022-03-10 18:08:10', 1),
(263, 127, 'Bed No6', 1, 'Single', '0', '2', '2022-03-10 18:08:17', 1),
(264, 127, 'Bed No7', 1, 'Single', '0', '2', '2022-03-10 18:08:24', 1),
(265, 127, 'Bed No8', 1, 'Single', '0', '2', '2022-03-10 18:08:31', 1),
(266, 128, 'Bed No1', 1, 'Single', '0', '2', '2022-03-10 18:08:47', 1),
(267, 128, 'Bed No2', 1, 'Single', '0', '2', '2022-03-10 18:08:52', 1),
(268, 128, 'Bed No3', 1, 'Single', '0', '2', '2022-03-10 18:08:58', 1),
(269, 128, 'Bed No4', 1, 'Single', '0', '2', '2022-03-10 18:09:03', 1),
(270, 128, 'Bed No5', 1, 'Single', '0', '2', '2022-03-10 18:09:27', 1),
(271, 128, 'Bed No6', 1, 'Single', '0', '2', '2022-03-10 18:09:41', 1),
(272, 128, 'Bed No7', 1, 'Single', '0', '2', '2022-03-10 18:09:49', 1),
(273, 128, 'Bed No8', 1, 'Single', '0', '2', '2022-03-10 18:09:56', 1),
(274, 129, 'Bed No1', 1, 'Single', '0', '2', '2022-03-10 18:10:04', 1),
(275, 129, 'Bed No2', 1, 'Single', '0', '2', '2022-03-10 18:10:11', 1),
(276, 129, 'Bed No3', 1, 'Single', '0', '2', '2022-03-10 18:10:17', 1),
(277, 129, 'Bed No4', 1, 'Single', '0', '2', '2022-03-10 18:10:23', 1),
(278, 129, 'Bed No5', 1, 'Single', '0', '2', '2022-03-10 18:10:29', 1),
(279, 129, 'Bed No6', 1, 'Single', '0', '2', '2022-03-10 18:10:36', 1),
(280, 117, 'Bed No1', 1, 'Single', '0', '2', '2022-03-10 18:11:19', 1),
(281, 118, 'Bed No1', 1, 'Single', '0', '2', '2022-03-10 18:11:25', 1),
(282, 119, 'Bed No1', 1, 'Single', '0', '2', '2022-03-10 18:11:35', 1),
(283, 120, 'Bed No1', 1, 'Single', '0', '2', '2022-03-10 18:12:12', 1),
(284, 121, 'Bed No1', 1, 'Single', '0', '2', '2022-03-10 18:12:23', 1),
(285, 121, 'Bed No2', 1, 'Single', '0', '2', '2022-03-10 18:12:28', 1),
(286, 121, 'Bed No3', 1, 'Single', '0', '2', '2022-03-10 18:12:33', 1),
(287, 122, 'Bed No1', 1, 'Single', '0', '2', '2022-03-10 18:12:41', 1),
(288, 122, 'Bed No2', 1, 'Single', '0', '2', '2022-03-10 18:12:46', 1),
(289, 122, 'Bed No3', 1, 'Single', '0', '2', '2022-03-10 18:12:51', 1),
(290, 123, 'Bed No1', 1, 'Single', '0', '2', '2022-03-10 18:13:02', 1),
(291, 123, 'Bed No2', 1, 'Single', '0', '2', '2022-03-10 18:13:08', 1),
(292, 123, 'Bed No3', 1, 'Single', '0', '2', '2022-03-10 18:13:14', 1),
(293, 124, 'Bed No1', 1, 'Single', '0', '2', '2022-03-10 18:13:23', 1),
(294, 124, 'Bed No2', 1, 'Single', '0', '2', '2022-03-10 18:13:30', 1),
(295, 124, 'Bed No3', 1, 'Single', '0', '2', '2022-03-10 18:13:35', 1),
(296, 62, 'Bed No1', 1, 'Single', '0', '2', '2022-03-10 18:18:24', 1),
(297, 62, 'Bed No2', 1, 'Single', '0', '2', '2022-03-10 18:18:30', 1),
(298, 62, 'Bed No3', 1, 'Single', '0', '2', '2022-03-10 18:18:36', 1),
(299, 62, 'Bed No4', 1, 'Single', '0', '2', '2022-03-10 18:19:16', 1),
(300, 62, 'Bed No5', 1, 'Single', '0', '2', '2022-03-10 18:19:23', 1),
(301, 62, 'Bed No6', 1, 'Single', '0', '2', '2022-03-10 18:19:30', 1),
(302, 63, 'Bed No1', 1, 'Single', '0', '2', '2022-03-10 18:19:41', 1),
(303, 63, 'Bed No2', 1, 'Single', '0', '2', '2022-03-10 18:19:46', 1),
(304, 63, 'Bed No3', 1, 'Single', '0', '2', '2022-03-10 18:19:51', 1),
(305, 63, 'Bed No4', 1, 'Single', '0', '2', '2022-03-10 18:19:56', 1),
(306, 63, 'Bed No5', 1, 'Single', '0', '2', '2022-03-10 18:20:11', 1),
(307, 63, 'Bed No6', 1, 'Single', '0', '2', '2022-03-10 18:20:16', 1),
(308, 63, 'Bed No7', 1, 'Single', '0', '2', '2022-03-10 18:20:22', 1),
(309, 63, 'Bed No8', 1, 'Single', '0', '2', '2022-03-10 18:20:28', 1),
(310, 64, 'Bed No1', 1, 'Single', '0', '2', '2022-03-10 18:21:21', 1),
(311, 64, 'Bed No2', 1, 'Single', '0', '2', '2022-03-10 18:21:26', 1),
(312, 64, 'Bed No3', 1, 'Single', '0', '2', '2022-03-10 18:21:31', 1),
(313, 64, 'Bed No4', 1, 'Single', '0', '2', '2022-03-10 18:21:37', 1),
(314, 64, 'Bed No5', 1, 'Single', '0', '2', '2022-03-10 18:21:52', 1),
(315, 64, 'Bed No6', 1, 'Single', '0', '2', '2022-03-10 18:22:02', 1),
(316, 64, 'Bed No7', 1, 'Single', '0', '2', '2022-03-10 18:22:10', 1),
(317, 64, 'Bed No8', 1, 'Single', '0', '2', '2022-03-10 18:22:16', 1),
(318, 65, 'Bed No1', 1, 'Single', '0', '2', '2022-03-10 18:22:35', 1),
(319, 65, 'Bed No2', 1, 'Single', '0', '2', '2022-03-10 18:22:41', 1),
(320, 65, 'Bed No3', 1, 'Single', '0', '2', '2022-03-10 18:22:47', 1),
(321, 65, 'Bed No4', 1, 'Single', '0', '2', '2022-03-10 18:22:53', 1),
(322, 65, 'Bed No5', 1, 'Single', '0', '2', '2022-03-10 18:23:00', 1),
(323, 65, 'Bed No6', 1, 'Single', '0', '2', '2022-03-10 18:23:06', 1),
(324, 65, 'Bed No7', 1, 'Single', '0', '2', '2022-03-10 18:23:13', 1),
(325, 65, 'Bed No8', 1, 'Single', '0', '2', '2022-03-10 18:23:20', 1),
(326, 66, 'Bed No1', 1, 'Single', '0', '2', '2022-03-10 18:23:33', 1),
(327, 66, 'Bed No2', 1, 'Single', '0', '2', '2022-03-10 18:23:39', 1),
(328, 66, 'Bed No3', 1, 'Single', '0', '2', '2022-03-10 18:23:45', 1),
(329, 66, 'Bed No4', 1, 'Single', '0', '2', '2022-03-10 18:23:52', 1),
(330, 66, 'Bed No5', 1, 'Single', '0', '2', '2022-03-10 18:23:58', 1),
(331, 66, 'Bed No6', 1, 'Single', '0', '2', '2022-03-10 18:24:05', 1),
(332, 67, 'Bed No1', 1, 'Single', '0', '2', '2022-03-10 18:25:06', 1),
(333, 68, 'Bed No1', 1, 'Single', '0', '2', '2022-03-10 18:25:12', 1),
(334, 69, 'Bed No1', 1, 'Single', '0', '2', '2022-03-10 18:25:20', 1),
(335, 70, 'Bed No1', 1, 'Single', '0', '2', '2022-03-10 18:25:29', 1),
(336, 71, 'Bed No1', 1, 'Single', '0', '2', '2022-03-10 18:25:36', 1),
(337, 71, 'Bed No2', 1, 'Single', '0', '2', '2022-03-10 18:25:41', 1),
(338, 72, 'Bed No1', 1, 'Single', '0', '2', '2022-03-10 18:25:49', 1),
(339, 72, 'Bed No2', 1, 'Single', '0', '2', '2022-03-10 18:25:54', 1),
(340, 73, 'Bed No1', 1, 'Single', '0', '2', '2022-03-10 18:26:36', 1),
(341, 73, 'Bed No2', 1, 'Single', '0', '2', '2022-03-10 18:26:41', 1),
(342, 74, 'Bed No1', 1, 'Single', '0', '2', '2022-03-10 18:26:55', 1),
(343, 74, 'Bed No2', 1, 'Single', '0', '2', '2022-03-10 18:27:00', 1),
(344, 46, 'Bed No1', 1, 'Single', '0', '2', '2022-03-10 18:27:55', 1),
(345, 46, 'Bed No2', 1, 'Single', '0', '2', '2022-03-10 18:28:00', 1),
(346, 47, 'Bed No1', 1, 'Single', '0', '2', '2022-03-10 18:28:09', 1),
(347, 47, 'Bed No2', 1, 'Single', '0', '2', '2022-03-10 18:28:14', 1),
(348, 48, 'Bed No1', 1, 'Single', '0', '2', '2022-03-10 18:28:45', 1),
(349, 48, 'Bed No2', 1, 'Single', '0', '2', '2022-03-10 18:28:54', 1),
(350, 49, 'Bed No1', 1, 'Single', '0', '2', '2022-03-10 18:29:04', 1),
(351, 49, 'Bed No2', 1, 'Single', '0', '2', '2022-03-10 18:29:09', 1),
(352, 50, 'Bed No1', 1, 'Single', '0', '2', '2022-03-10 18:29:19', 1),
(353, 51, 'Bed No1', 1, 'Single', '0', '2', '2022-03-10 18:29:26', 1),
(354, 52, 'Bed No1', 1, 'Single', '0', '2', '2022-03-10 18:29:31', 1),
(355, 53, 'Bed No1', 1, 'Single', '0', '2', '2022-03-10 18:29:39', 1),
(356, 54, 'Bed No1', 1, 'Single', '0', '2', '2022-03-10 18:30:26', 1),
(357, 54, 'Bed No2', 1, 'Single', '0', '2', '2022-03-10 18:30:32', 1),
(358, 55, 'Bed No1', 1, 'Single', '0', '2', '2022-03-10 18:30:44', 1),
(359, 55, 'Bed No2', 1, 'Single', '0', '2', '2022-03-10 18:30:49', 1),
(360, 56, 'Bed No1', 1, 'Single', '0', '2', '2022-03-10 18:30:57', 1),
(361, 56, 'Bed No2', 1, 'Single', '0', '2', '2022-03-10 18:31:04', 1),
(362, 57, 'Bed No1', 1, 'Single', '0', '2', '2022-03-10 18:31:16', 1),
(363, 57, 'Bed No2', 1, 'Single', '0', '2', '2022-03-10 18:31:20', 1),
(364, 58, 'Bed No1', 1, 'Single', '0', '2', '2022-03-10 18:31:44', 1),
(365, 59, 'Bed No1', 1, 'Single', '0', '2', '2022-03-10 18:31:50', 1),
(366, 60, 'Bed No1', 1, 'Single', '0', '2', '2022-03-10 18:31:59', 1),
(367, 61, 'Bed No1', 1, 'Single', '0', '2', '2022-03-10 18:32:07', 1),
(368, 146, 'Bed No1', 1, 'Single', '0', '2', '2022-03-10 18:33:39', 1),
(369, 146, 'Bed No2', 1, 'Single', '0', '2', '2022-03-10 18:33:44', 1),
(370, 146, 'Bed No3', 1, 'Single', '0', '2', '2022-03-10 18:33:49', 1),
(371, 146, 'Bed No4', 1, 'Single', '0', '2', '2022-03-10 18:34:01', 1),
(372, 146, 'Bed No5', 1, 'Single', '0', '2', '2022-03-10 18:34:11', 1),
(373, 146, 'Bed No6', 1, 'Single', '0', '2', '2022-03-10 18:34:21', 1),
(374, 147, 'Bed No1', 1, 'Single', '0', '2', '2022-03-10 18:35:07', 1),
(375, 147, 'Bed No2', 1, 'Single', '0', '2', '2022-03-10 18:35:17', 1),
(376, 147, 'Bed No3', 1, 'Single', '0', '2', '2022-03-10 18:35:22', 1),
(377, 147, 'Bed No4', 1, 'Single', '0', '2', '2022-03-10 18:35:28', 1),
(378, 147, 'Bed No5', 1, 'Single', '0', '2', '2022-03-10 18:35:38', 1),
(379, 147, 'Bed No6', 1, 'Single', '0', '2', '2022-03-10 18:35:45', 1),
(380, 147, 'Bed No7', 1, 'Single', '0', '2', '2022-03-10 18:36:00', 1),
(381, 147, 'Bed No8', 1, 'Single', '0', '2', '2022-03-10 18:36:08', 1),
(382, 148, 'Bed No1', 1, 'Single', '0', '2', '2022-03-10 18:36:24', 1),
(383, 148, 'Bed No2', 1, 'Single', '0', '2', '2022-03-10 18:36:30', 1),
(384, 148, 'Bed No3', 1, 'Single', '0', '2', '2022-03-10 18:36:36', 1),
(385, 148, 'Bed No4', 1, 'Single', '0', '2', '2022-03-10 18:36:43', 1),
(386, 148, 'Bed No5', 1, 'Single', '0', '2', '2022-03-10 18:36:51', 1),
(387, 148, 'Bed No6', 1, 'Single', '0', '2', '2022-03-10 18:37:14', 1),
(388, 148, 'Bed No7', 1, 'Single', '0', '2', '2022-03-10 18:37:20', 1),
(389, 148, 'Bed No8', 1, 'Single', '0', '2', '2022-03-10 18:37:50', 1),
(390, 149, 'Bed No1', 1, 'Single', '0', '2', '2022-03-10 18:38:03', 1),
(391, 149, 'Bed No2', 1, 'Single', '0', '2', '2022-03-10 18:38:08', 1),
(392, 149, 'Bed No3', 1, 'Single', '0', '2', '2022-03-10 18:38:13', 1),
(393, 149, 'Bed No4', 1, 'Single', '0', '2', '2022-03-10 18:38:19', 1),
(394, 149, 'Bed No5', 1, 'Single', '0', '2', '2022-03-10 18:38:27', 1),
(395, 149, 'Bed No6', 1, 'Single', '0', '2', '2022-03-10 18:38:37', 1),
(396, 149, 'Bed No7', 1, 'Single', '0', '2', '2022-03-10 18:38:45', 1),
(397, 149, 'Bed No8', 1, 'Single', '0', '1', '2022-03-10 18:38:51', 1),
(398, 150, 'Bed No1', 1, 'Single', '0', '2', '2022-03-10 18:39:16', 1),
(399, 150, 'Bed No2', 1, 'Single', '0', '2', '2022-03-10 18:39:22', 1),
(400, 150, 'Bed No3', 1, 'Single', '0', '2', '2022-03-10 18:39:26', 1),
(401, 150, 'Bed No4', 1, 'Single', '0', '2', '2022-03-10 18:39:33', 1),
(402, 150, 'Bed No5', 1, 'Single', '0', '2', '2022-03-10 18:39:40', 1),
(403, 150, 'Bed No6', 1, 'Single', '0', '2', '2022-03-10 18:39:49', 1),
(404, 130, 'Bed No1', 1, 'Single', '0', '2', '2022-03-10 18:40:34', 1),
(405, 131, 'Bed No1', 1, 'Single', '0', '2', '2022-03-10 18:40:42', 1),
(406, 132, 'Bed No1', 1, 'Single', '0', '2', '2022-03-10 18:40:48', 1),
(407, 133, 'Bed No1', 1, 'Single', '0', '2', '2022-03-10 18:41:02', 1),
(408, 134, 'Bed No1', 1, 'Single', '0', '2', '2022-03-10 18:41:13', 1),
(409, 134, 'Bed No2', 1, 'Single', '0', '2', '2022-03-10 18:41:17', 1),
(410, 134, 'Bed No3', 1, 'Single', '0', '2', '2022-03-10 18:41:22', 1),
(411, 135, 'Bed No1', 1, 'Single', '0', '2', '2022-03-10 18:41:29', 1),
(412, 135, 'Bed No2', 1, 'Single', '0', '2', '2022-03-10 18:41:35', 1),
(413, 135, 'Bed No3', 1, 'Single', '0', '2', '2022-03-10 18:41:40', 1),
(414, 136, 'Bed No1', 1, 'Single', '0', '2', '2022-03-10 18:41:48', 1),
(415, 136, 'Bed No2', 1, 'Single', '0', '2', '2022-03-10 18:41:53', 1),
(416, 136, 'Bed No3', 1, 'Single', '0', '2', '2022-03-10 18:41:59', 1),
(417, 137, 'Bed No1', 1, 'Single', '0', '2', '2022-03-10 18:42:11', 1),
(418, 137, 'Bed No2', 1, 'Single', '0', '2', '2022-03-10 18:42:15', 1),
(419, 137, 'Bed No3', 1, 'Single', '0', '2', '2022-03-10 18:42:21', 1),
(420, 138, 'Bed No1', 1, 'Single', '0', '2', '2022-03-10 18:42:59', 1),
(421, 139, 'Bed No1', 1, 'Single', '0', '2', '2022-03-10 18:43:06', 1),
(422, 140, 'Bed No1', 1, 'Single', '0', '2', '2022-03-10 18:43:12', 1),
(423, 141, 'Bed No1', 1, 'Single', '0', '2', '2022-03-10 18:43:21', 1),
(424, 142, 'Bed No1', 1, 'Single', '0', '2', '2022-03-10 18:43:43', 1),
(425, 142, 'Bed No2', 1, 'Single', '0', '2', '2022-03-10 18:43:48', 1),
(426, 142, 'Bed No3', 1, 'Single', '0', '2', '2022-03-10 18:43:53', 1),
(427, 143, 'Bed No1', 1, 'Single', '0', '2', '2022-03-10 18:44:34', 1),
(428, 143, 'Bed No2', 1, 'Single', '0', '2', '2022-03-10 18:44:39', 1),
(429, 143, 'Bed No3', 1, 'Single', '0', '2', '2022-03-10 18:44:45', 1),
(430, 144, 'Bed No1', 1, 'Single', '0', '2', '2022-03-10 18:44:53', 1),
(431, 145, 'Bed No1', 1, 'Single', '0', '2', '2022-03-10 18:45:04', 1),
(432, 145, 'Bed No2', 1, 'Single', '0', '2', '2022-03-10 18:45:10', 1),
(433, 145, 'Bed No3', 1, 'Single', '0', '2', '2022-03-10 18:45:15', 1),
(434, 144, 'Bed No2', 1, 'Single', '0', '2', '2022-03-10 18:45:31', 1),
(435, 144, 'Bed No3', 1, 'Single', '0', '2', '2022-04-03 18:45:38', 1);

-- --------------------------------------------------------

--
-- Table structure for table `department`
--

CREATE TABLE `department` (
  `id` int NOT NULL,
  `name` varchar(100) COLLATE utf8mb4_unicode_ci NOT NULL,
  `description` longtext COLLATE utf8mb4_unicode_ci
) ENGINE=InnoDB DEFAULT CHARSET=utf8mb4 COLLATE=utf8mb4_unicode_ci;

--
-- Dumping data for table `department`
--

INSERT INTO `department` (`id`, `name`, `description`) VALUES
(1, 'Cold OPD', 'Out patient department'),
(2, 'ENT', NULL),
(3, 'Surgery', NULL),
(4, 'Internal Medecine', NULL),
(5, 'Cardiology', NULL),
(6, 'Dermatology', NULL),
(7, 'Anesthesia', NULL),
(8, 'COVID-19', NULL),
(9, 'Gynecology', NULL),
(10, 'HIV/AIDS', NULL),
(11, 'Nutrition', NULL),
(12, 'Opthamology', NULL),
(13, 'Pediatrices', NULL),
(14, 'Physiotherapy', NULL),
(15, 'Dental Care', NULL),
(16, 'Pathology', NULL),
(17, 'Inpatient Wards', NULL),
(18, 'Emergency', NULL);

-- --------------------------------------------------------

--
-- Table structure for table `diagnosis`
--

CREATE TABLE `diagnosis` (
  `id` int NOT NULL,
  `name` varchar(255) COLLATE utf8mb4_unicode_ci NOT NULL
) ENGINE=InnoDB DEFAULT CHARSET=utf8mb4 COLLATE=utf8mb4_unicode_ci;

-- --------------------------------------------------------

--
-- Table structure for table `disease_category`
--

CREATE TABLE `disease_category` (
  `id` int NOT NULL,
  `name` varchar(100) COLLATE utf8mb4_unicode_ci NOT NULL,
  `description` longtext COLLATE utf8mb4_unicode_ci
) ENGINE=InnoDB DEFAULT CHARSET=utf8mb4 COLLATE=utf8mb4_unicode_ci;

--
-- Dumping data for table `disease_category`
--

INSERT INTO `disease_category` (`id`, `name`, `description`) VALUES
(1, 'Natural disease', NULL),
(2, 'Occupational disease', NULL),
(3, 'Work Accident', NULL),
(4, 'Traffic Accident', NULL),
(5, 'Confict Accident', NULL),
(6, 'Others', NULL);

-- --------------------------------------------------------

--
-- Table structure for table `doctrine_migration_versions`
--

CREATE TABLE `doctrine_migration_versions` (
  `version` varchar(191) COLLATE utf8mb3_unicode_ci NOT NULL,
  `executed_at` datetime DEFAULT NULL,
  `execution_time` int DEFAULT NULL
) ENGINE=InnoDB DEFAULT CHARSET=utf8mb3 COLLATE=utf8mb3_unicode_ci;

--
-- Dumping data for table `doctrine_migration_versions`
--

INSERT INTO `doctrine_migration_versions` (`version`, `executed_at`, `execution_time`) VALUES
('DoctrineMigrations\\Version20220307153700', '2022-03-07 22:20:01', 3042);

-- --------------------------------------------------------

--
-- Table structure for table `encounter`
--

CREATE TABLE `encounter` (
  `id` int NOT NULL,
  `type_id` int DEFAULT NULL,
  `created_by_id` int DEFAULT NULL,
  `created_at` datetime NOT NULL,
  `destination_id` int DEFAULT NULL,
  `referout_id` int DEFAULT NULL,
  `patient_id` int DEFAULT NULL,
  `updated_by_id` int DEFAULT NULL,
  `referral_reason_id` int DEFAULT NULL,
  `specify_reason` longtext COLLATE utf8mb4_unicode_ci,
  `referred_by_id` int DEFAULT NULL,
  `referred_at` datetime DEFAULT NULL,
  `disease_category_id` int NOT NULL,
  `encounter_type` varchar(100) COLLATE utf8mb4_unicode_ci NOT NULL,
  `assigned_to_id` int DEFAULT NULL
) ENGINE=InnoDB DEFAULT CHARSET=utf8mb4 COLLATE=utf8mb4_unicode_ci;

--
-- Dumping data for table `encounter`
--

INSERT INTO `encounter` (`id`, `type_id`, `created_by_id`, `created_at`, `destination_id`, `referout_id`, `patient_id`, `updated_by_id`, `referral_reason_id`, `specify_reason`, `referred_by_id`, `referred_at`, `disease_category_id`, `encounter_type`, `assigned_to_id`) VALUES
(31, 1, 1, '2022-04-23 22:37:07', 2, NULL, 22, NULL, NULL, NULL, NULL, NULL, 1, 'Non-Emergency', NULL);

-- --------------------------------------------------------

--
-- Table structure for table `encounter_type`
--

CREATE TABLE `encounter_type` (
  `id` int NOT NULL,
  `name` varchar(30) COLLATE utf8mb4_unicode_ci NOT NULL,
  `description` varchar(50) COLLATE utf8mb4_unicode_ci DEFAULT NULL
) ENGINE=InnoDB DEFAULT CHARSET=utf8mb4 COLLATE=utf8mb4_unicode_ci;

--
-- Dumping data for table `encounter_type`
--

INSERT INTO `encounter_type` (`id`, `name`, `description`) VALUES
(1, 'Outpatient(OPD)', 'Outpatient Department'),
(2, 'Inpatient(IPD)', 'Inptaient Department');

-- --------------------------------------------------------

--
-- Table structure for table `health_facility`
--

CREATE TABLE `health_facility` (
  `id` int NOT NULL,
  `woreda_id` int NOT NULL,
  `name` varchar(30) COLLATE utf8mb4_unicode_ci NOT NULL,
  `ownership` varchar(30) COLLATE utf8mb4_unicode_ci NOT NULL,
  `type` varchar(30) COLLATE utf8mb4_unicode_ci NOT NULL
) ENGINE=InnoDB DEFAULT CHARSET=utf8mb4 COLLATE=utf8mb4_unicode_ci;

--
-- Dumping data for table `health_facility`
--

INSERT INTO `health_facility` (`id`, `woreda_id`, `name`, `ownership`, `type`) VALUES
(1, 1, 'Shenen Gibe', 'Public', 'General Hospital'),
(2, 1, 'Jimma Health Center', 'Public', 'Health  Center'),
(3, 1, 'Awetu Primary Hospital', 'Private', 'Primary Hospiatal'),
(4, 1, 'From home', 'Private', 'Others'),
(5, 1, 'Adere Dika Health Center', 'Public', 'Health Center'),
(6, 1, 'Agalo Health Center', 'Public', 'Health Center'),
(7, 1, 'Agaro Health Center', 'Public', 'Health Center'),
(8, 1, 'Agaro Hospital', 'Public', 'General Hospital'),
(9, 1, 'Ako Health Center', 'Public', 'Health Center'),
(10, 1, 'Ale Health Center', 'Public', 'Health Center'),
(11, 1, 'Algaa Kiltu Health Center', 'Public', 'Health Center'),
(12, 1, 'Amaya Hospital', 'Public', 'Health Center'),
(13, 1, 'Amaya Hospital', 'Public', 'Primary Hospital'),
(14, 1, 'Ambuye Health Center', 'Public', 'Health Center'),
(15, 1, 'Anja Health Center', 'Public', 'Health Center'),
(16, 8, 'Asendabo Health Center', 'Public', 'Health Center'),
(17, 1, 'Atinago Health Center', 'Public', 'Health Center'),
(19, 1, 'Babala Health Center', 'Public', 'Health Center'),
(20, 1, 'Babuu Health Center', 'Public', 'Health Center'),
(21, 1, 'Bage Health Center', 'Public', 'Health Center'),
(22, 1, 'Bake Gudo Health Center', 'Public', 'Health Center'),
(23, 1, 'Bara Hinchini Health Center', 'Public', 'Health Center'),
(24, 1, 'Bashasha Health Center', 'Public', 'Health Center'),
(25, 1, 'Baso Health Center', 'Public', 'Health Center'),
(26, 1, 'Bedele Hospital', 'Public', 'General Hospital'),
(27, 1, 'Bela wajo Health Center', 'Public', 'Health Center'),
(28, 1, 'Bilidaa Health Center', 'Public', 'Health Center'),
(29, 1, 'Biluu Health Center', 'Public', 'Health Center'),
(30, 1, 'Bochobore Health Center', 'Public', 'Health Center'),
(31, 1, 'Bonaya Health Center', 'Public', 'Health Center'),
(32, 1, 'Bonga Health Center', 'Public', 'Health Center'),
(33, 1, 'Botori-boru Health Center', 'Public', 'Health Center'),
(34, 1, 'Bulbul Health Center', 'Public', 'Health Center'),
(35, 1, 'Busa Health Center', 'Public', 'Health Center'),
(36, 1, 'Buyo Kachama Health Center', 'Public', 'Health Center'),
(37, 1, 'Chafe Naga Health Center', 'Public', 'Health Center'),
(38, 1, 'Chamiichago Health Center', 'Public', 'Health Center'),
(39, 1, 'Chariko Health Center', 'Public', 'Health Center'),
(40, 1, 'Chime Health Center', 'Public', 'Health Center'),
(41, 1, 'Chira Health Center', 'Public', 'Health Center'),
(42, 1, 'Choche Health Center', 'Public', 'Health Center'),
(43, 1, 'Choranchabi Health Center', 'Public', 'Health Center'),
(44, 1, 'Dafkala Health Center', 'Public', 'Health Center'),
(45, 1, 'DakanoIike Health Center', 'Public', 'Health Center'),
(46, 1, 'Dame Health Center', 'Public', 'Health Center'),
(47, 1, 'Danaba Health Center', 'Public', 'Health Center'),
(48, 1, 'Darge Health Center', 'Public', 'Health Center'),
(49, 1, 'Decha Gibe Health Cente', 'Public', 'Health Center'),
(50, 1, 'Dedesa Hospital', 'Public', 'Health Center'),
(51, 1, 'Dedo Hospital', 'Public', 'Primary Hospital'),
(52, 1, 'Detokarsu Health Center', 'Public', 'Health Center'),
(53, 1, 'DhayiKachama Health Center', 'Public', 'Health Center'),
(54, 1, 'Dimtu Health Center', 'Public', 'Health Center'),
(55, 1, 'DoyoToil Health Center', 'Public', 'Health Center'),
(56, 1, 'Dusta Health Center', 'Public', 'Health Center'),
(57, 1, 'Ergibo Health Center', 'Public', 'Health Center'),
(58, 1, 'Fromisis Hospital', 'Private', 'Seconary Hospital'),
(59, 1, 'Galle Jimate Health Center', 'Public', 'Health Center'),
(60, 1, 'Gambela Hospital', 'Public', 'General Hospital');

-- --------------------------------------------------------

--
-- Table structure for table `kebele`
--

CREATE TABLE `kebele` (
  `id` int NOT NULL,
  `woreda_id` int DEFAULT NULL,
  `name` varchar(30) COLLATE utf8mb4_unicode_ci NOT NULL,
  `discription` varchar(255) COLLATE utf8mb4_unicode_ci DEFAULT NULL
) ENGINE=InnoDB DEFAULT CHARSET=utf8mb4 COLLATE=utf8mb4_unicode_ci;

-- --------------------------------------------------------

--
-- Table structure for table `outcome`
--

CREATE TABLE `outcome` (
  `id` int NOT NULL,
  `name` varchar(30) COLLATE utf8mb4_unicode_ci NOT NULL,
  `description` longtext COLLATE utf8mb4_unicode_ci
) ENGINE=InnoDB DEFAULT CHARSET=utf8mb4 COLLATE=utf8mb4_unicode_ci;

--
-- Dumping data for table `outcome`
--

INSERT INTO `outcome` (`id`, `name`, `description`) VALUES
(1, 'Died', 'The patient has been passed away'),
(2, 'Abscond', 'The patient has beenAbscond'),
(3, 'Improved', 'The patient has been improved'),
(4, 'Transfer', 'The patient has been transfered'),
(5, 'No change', 'The patient has no any change'),
(6, 'Referr out', 'The patient has been referred out to other health facility');

-- --------------------------------------------------------

--
-- Table structure for table `patient`
--

CREATE TABLE `patient` (
  `id` int NOT NULL,
  `referred_from_id` int NOT NULL,
  `mrn` varchar(20) COLLATE utf8mb4_unicode_ci NOT NULL,
  `fname` varchar(30) COLLATE utf8mb4_unicode_ci NOT NULL,
  `mname` varchar(30) COLLATE utf8mb4_unicode_ci NOT NULL,
  `lname` varchar(30) COLLATE utf8mb4_unicode_ci DEFAULT NULL,
  `gender` varchar(20) COLLATE utf8mb4_unicode_ci NOT NULL,
  `phone` varchar(20) COLLATE utf8mb4_unicode_ci DEFAULT NULL,
  `dob` date NOT NULL,
  `address` varchar(50) COLLATE utf8mb4_unicode_ci DEFAULT NULL,
  `user_id` int NOT NULL,
  `created_at` date NOT NULL,
  `status` int DEFAULT NULL,
  `region_id` int DEFAULT NULL,
  `zone_id` int DEFAULT NULL,
  `woreda_id` int DEFAULT NULL
) ENGINE=InnoDB DEFAULT CHARSET=utf8mb4 COLLATE=utf8mb4_unicode_ci;

--
-- Dumping data for table `patient`
--

INSERT INTO `patient` (`id`, `referred_from_id`, `mrn`, `fname`, `mname`, `lname`, `gender`, `phone`, `dob`, `address`, `user_id`, `created_at`, `status`, `region_id`, `zone_id`, `woreda_id`) VALUES
(1, 2, '1213', 'Seid', 'Mohammed', 'Seid', 'M', '0985192541', '2000-01-01', 'Jimma', 1, '2022-03-09', 2, 4, 1, 1),
(2, 2, '13322', 'Abebe', 'Mamo', 'abebe', 'M', '0985192541', '2022-02-16', 'Jimma', 1, '2022-03-09', 1, NULL, NULL, NULL),
(12, 3, '4502', 'Adem', 'Moh', 'Seid', 'M', NULL, '2022-02-08', 'Jimma', 1, '2022-03-08', 2, NULL, NULL, NULL),
(22, 51, '2022', 'Lubaba', 'Mohammed', 'Shume', 'F', '0922191152', '2002-04-11', 'Bosa Addis', 1, '2022-04-23', 0, 4, 1, 1);

-- --------------------------------------------------------

--
-- Table structure for table `permission`
--

CREATE TABLE `permission` (
  `id` int NOT NULL,
  `name` varchar(30) COLLATE utf8mb4_unicode_ci NOT NULL,
  `code` varchar(20) COLLATE utf8mb4_unicode_ci NOT NULL,
  `description` varchar(255) COLLATE utf8mb4_unicode_ci DEFAULT NULL
) ENGINE=InnoDB DEFAULT CHARSET=utf8mb4 COLLATE=utf8mb4_unicode_ci;

--
-- Dumping data for table `permission`
--

INSERT INTO `permission` (`id`, `name`, `code`, `description`) VALUES
(1, 'Add new Patient', 'ad_new_pnt', 'The user can register new patient'),
(2, 'Create new adimission', 'nw_adm', 'the user can add new adminssion'),
(3, 'Discharge Patient', 'dscharge_pnt', 'the user can discharge patient'),
(4, 'Edit patient', 'edt_pnt', 'The user can edit patient'),
(5, 'Delete Patinet', 'dlt_pnt', 'The user can delete patient'),
(6, 'Add appointment', 'add_appntmnt', 'the user can add new appointment'),
(7, 'Edit Appointment', 'edt_appnt', 'the user can edit appointment'),
(8, 'Delete appointment', 'dlt_apnt', 'the user can delete appointment'),
(9, 'Grant permission to group', 'ad_prmsn_to_grp', 'Add permission to group'),
(10, 'Add user to group', 'ad_usr_to_grp', 'insert user into group'),
(11, 'Editing group', 'edt_grp', 'Editing group'),
(12, 'Advanced Search', 'adv_srch', 'The user able to search patient in custom ways');

-- --------------------------------------------------------

--
-- Table structure for table `permission_user_group`
--

CREATE TABLE `permission_user_group` (
  `permission_id` int NOT NULL,
  `user_group_id` int NOT NULL
) ENGINE=InnoDB DEFAULT CHARSET=utf8mb4 COLLATE=utf8mb4_unicode_ci;

--
-- Dumping data for table `permission_user_group`
--

INSERT INTO `permission_user_group` (`permission_id`, `user_group_id`) VALUES
(1, 1),
(2, 1),
(3, 1),
(4, 1),
(4, 2),
(5, 1),
(5, 2),
(6, 1),
(6, 2),
(7, 1),
(7, 2),
(8, 1),
(9, 1),
(10, 1),
(11, 1),
(12, 1);

-- --------------------------------------------------------

--
-- Table structure for table `priority`
--

CREATE TABLE `priority` (
  `id` int NOT NULL,
  `name` varchar(30) COLLATE utf8mb4_unicode_ci NOT NULL,
  `description` longtext COLLATE utf8mb4_unicode_ci
) ENGINE=InnoDB DEFAULT CHARSET=utf8mb4 COLLATE=utf8mb4_unicode_ci;

--
-- Dumping data for table `priority`
--

INSERT INTO `priority` (`id`, `name`, `description`) VALUES
(1, 'PL-I', NULL),
(2, 'PL-II', NULL),
(3, 'PL -III', NULL),
(4, 'PL -IV', NULL);

-- --------------------------------------------------------

--
-- Table structure for table `reason_of_appointment`
--

CREATE TABLE `reason_of_appointment` (
  `id` int NOT NULL,
  `name` varchar(100) COLLATE utf8mb4_unicode_ci NOT NULL,
  `description` longtext COLLATE utf8mb4_unicode_ci
) ENGINE=InnoDB DEFAULT CHARSET=utf8mb4 COLLATE=utf8mb4_unicode_ci;

--
-- Dumping data for table `reason_of_appointment`
--

INSERT INTO `reason_of_appointment` (`id`, `name`, `description`) VALUES
(2, 'Medical Referral clinic', NULL),
(3, 'Surgical Referral clinic', NULL);

-- --------------------------------------------------------

--
-- Table structure for table `reason_of_referral`
--

CREATE TABLE `reason_of_referral` (
  `id` int NOT NULL,
  `name` varchar(100) COLLATE utf8mb4_unicode_ci NOT NULL,
  `description` longtext COLLATE utf8mb4_unicode_ci
) ENGINE=InnoDB DEFAULT CHARSET=utf8mb4 COLLATE=utf8mb4_unicode_ci;

--
-- Dumping data for table `reason_of_referral`
--

INSERT INTO `reason_of_referral` (`id`, `name`, `description`) VALUES
(1, 'Drug stock out', NULL),
(2, 'Further study', NULL);

-- --------------------------------------------------------

--
-- Table structure for table `referrals`
--

CREATE TABLE `referrals` (
  `id` int NOT NULL,
  `name` varchar(100) COLLATE utf8mb4_unicode_ci NOT NULL,
  `description` longtext COLLATE utf8mb4_unicode_ci
) ENGINE=InnoDB DEFAULT CHARSET=utf8mb4 COLLATE=utf8mb4_unicode_ci;

--
-- Dumping data for table `referrals`
--

INSERT INTO `referrals` (`id`, `name`, `description`) VALUES
(1, 'Black Lion Hospitals', NULL),
(2, 'St. Pawul Hospital', NULL),
(3, 'Alert Hospital', NULL),
(4, 'Abet Hospital', NULL);

-- --------------------------------------------------------

--
-- Table structure for table `region`
--

CREATE TABLE `region` (
  `id` int NOT NULL,
  `name` varchar(100) COLLATE utf8mb4_unicode_ci NOT NULL,
  `description` longtext COLLATE utf8mb4_unicode_ci
) ENGINE=InnoDB DEFAULT CHARSET=utf8mb4 COLLATE=utf8mb4_unicode_ci;

--
-- Dumping data for table `region`
--

INSERT INTO `region` (`id`, `name`, `description`) VALUES
(1, 'Tigiray', NULL),
(2, 'Afar', NULL),
(3, 'Amhara', NULL),
(4, 'Oromia', NULL),
(5, 'Somalia', NULL),
(6, 'Benishangul Gumuz', NULL),
(7, 'SNNP Region', NULL),
(8, 'Gambela', NULL),
(9, 'Harari', NULL),
(10, 'Sidama', NULL),
(11, 'Addis Abebe', NULL);

-- --------------------------------------------------------

--
-- Table structure for table `reset_password_request`
--

CREATE TABLE `reset_password_request` (
  `id` int NOT NULL,
  `user_id` int NOT NULL,
  `selector` varchar(20) COLLATE utf8mb4_unicode_ci NOT NULL,
  `hashed_token` varchar(100) COLLATE utf8mb4_unicode_ci NOT NULL,
  `requested_at` datetime NOT NULL COMMENT '(DC2Type:datetime_immutable)',
  `expires_at` datetime NOT NULL COMMENT '(DC2Type:datetime_immutable)'
) ENGINE=InnoDB DEFAULT CHARSET=utf8mb4 COLLATE=utf8mb4_unicode_ci;

-- --------------------------------------------------------

--
-- Table structure for table `room`
--

CREATE TABLE `room` (
  `id` int NOT NULL,
  `unit_id` int NOT NULL,
  `name` varchar(30) COLLATE utf8mb4_unicode_ci NOT NULL,
  `description` varchar(100) COLLATE utf8mb4_unicode_ci DEFAULT NULL
) ENGINE=InnoDB DEFAULT CHARSET=utf8mb4 COLLATE=utf8mb4_unicode_ci;

--
-- Dumping data for table `room`
--

INSERT INTO `room` (`id`, `unit_id`, `name`, `description`) VALUES
(12, 4, 'Room 1', NULL),
(13, 4, 'Room 2', NULL),
(14, 4, 'Room 3', NULL),
(15, 4, 'Room 4', NULL),
(16, 4, 'Room 5', NULL),
(17, 4, 'Room 6', NULL),
(18, 4, 'Room 7', NULL),
(19, 4, 'Room 8', NULL),
(20, 5, 'Room 1', NULL),
(21, 5, 'Room 2', NULL),
(22, 5, 'Room 3', NULL),
(23, 5, 'Room 4', NULL),
(24, 5, 'Room 5', NULL),
(25, 5, 'Room 6', NULL),
(26, 5, 'Room 7', NULL),
(27, 5, 'Room 8', NULL),
(28, 6, 'Room 1', NULL),
(29, 6, 'Room 2', NULL),
(30, 6, 'Room 3', NULL),
(31, 6, 'Room 4', NULL),
(32, 6, 'Room 5', NULL),
(33, 6, 'Room 6', NULL),
(34, 6, 'Room 7', NULL),
(35, 6, 'Room 8', NULL),
(36, 7, 'Room 1', NULL),
(37, 7, 'Room 2', NULL),
(38, 7, 'Room 3', NULL),
(39, 7, 'Room 4', NULL),
(40, 7, 'Room 5', NULL),
(41, 8, 'Room 1', NULL),
(42, 8, 'Room 2', NULL),
(43, 8, 'Room 3', NULL),
(44, 8, 'Room 4', NULL),
(45, 8, 'Room 5', NULL),
(46, 11, 'Room 1', NULL),
(47, 11, 'Room 2', NULL),
(48, 11, 'Room 3', NULL),
(49, 11, 'Room 4', NULL),
(50, 11, 'Room 5', NULL),
(51, 11, 'Room 6', NULL),
(52, 11, 'Room 7', NULL),
(53, 11, 'Room 8', NULL),
(54, 12, 'Room 9', NULL),
(55, 12, 'Room 10', NULL),
(56, 12, 'Room 11', NULL),
(57, 12, 'Room 12', NULL),
(58, 12, 'Room 13', NULL),
(59, 12, 'Room 14', NULL),
(60, 12, 'Room 15', NULL),
(61, 12, 'Room 16', NULL),
(62, 13, 'Room 14', NULL),
(63, 13, 'Room 15', NULL),
(64, 13, 'Room 16', NULL),
(65, 13, 'Room 17', NULL),
(66, 13, 'Room 18', NULL),
(67, 14, 'Room 1', NULL),
(68, 14, 'Room 2', NULL),
(69, 14, 'Room 3', NULL),
(70, 14, 'Room 4', NULL),
(71, 14, 'Room 5', NULL),
(72, 14, 'Room 6', NULL),
(73, 14, 'Room 7', NULL),
(74, 14, 'Room 8', NULL),
(75, 15, 'Room 1', NULL),
(76, 15, 'Room 2', NULL),
(77, 15, 'Room 3', NULL),
(78, 15, 'Room 4', NULL),
(79, 15, 'Room 5', NULL),
(80, 15, 'Room 6', NULL),
(81, 15, 'Room 7', NULL),
(82, 15, 'Room 8', NULL),
(83, 16, 'Room 1', NULL),
(84, 16, 'Room 2', NULL),
(85, 16, 'Room 3', NULL),
(86, 16, 'Room 4', NULL),
(87, 16, 'Room 5', NULL),
(88, 16, 'Room 6', NULL),
(89, 16, 'Room 7', NULL),
(90, 16, 'Room 8', NULL),
(91, 17, 'Room 1', NULL),
(92, 17, 'Room 2', NULL),
(93, 17, 'Room 3', NULL),
(94, 17, 'Room 4', NULL),
(95, 17, 'Room 5', NULL),
(96, 17, 'Room 6', NULL),
(97, 17, 'Room 7', NULL),
(98, 17, 'Room 8', NULL),
(99, 18, 'Room 1', NULL),
(100, 18, 'Room 2', NULL),
(101, 18, 'Room 3', NULL),
(102, 18, 'Room 4', NULL),
(103, 18, 'Room 5', NULL),
(104, 18, 'Room 6', NULL),
(105, 18, 'Room 7', NULL),
(106, 18, 'Room 8', NULL),
(107, 19, 'Room 1', NULL),
(108, 19, 'Room 2', NULL),
(109, 19, 'Room 3', NULL),
(110, 19, 'Room 4', NULL),
(111, 19, 'Room 5', NULL),
(112, 20, 'Room 1', NULL),
(113, 20, 'Room 2', NULL),
(114, 20, 'Room 3', NULL),
(115, 20, 'Room 4', NULL),
(116, 20, 'Room 5', NULL),
(117, 9, 'Room 1', NULL),
(118, 9, 'Room 2', NULL),
(119, 9, 'Room 3', NULL),
(120, 9, 'Room 4', NULL),
(121, 9, 'Room 5', NULL),
(122, 9, 'Room 6', NULL),
(123, 9, 'Room 7', NULL),
(124, 9, 'Room 8', NULL),
(125, 10, 'Room 1', NULL),
(126, 10, 'Room 2', NULL),
(127, 10, 'Room 3', NULL),
(128, 10, 'Room 4', NULL),
(129, 10, 'Room 5', NULL),
(130, 21, 'Room 1', NULL),
(131, 21, 'Room 2', NULL),
(132, 21, 'Room 3', NULL),
(133, 21, 'Room 4', NULL),
(134, 21, 'Room 5', NULL),
(135, 21, 'Room 6', NULL),
(136, 21, 'Room 7', NULL),
(137, 21, 'Room 8', NULL),
(138, 22, 'Room 1', NULL),
(139, 22, 'Room 2', NULL),
(140, 22, 'Room 3', NULL),
(141, 22, 'Room 4', NULL),
(142, 22, 'Room 5', NULL),
(143, 22, 'Room 6', NULL),
(144, 22, 'Room 7', NULL),
(145, 22, 'Room 8', NULL),
(146, 23, 'Room 1', NULL),
(147, 23, 'Room 2', NULL),
(148, 23, 'Room 3', NULL),
(149, 23, 'Room 4', NULL),
(150, 23, 'Room 5', NULL),
(157, 29, 'Room 1', NULL),
(158, 29, 'Room 2', NULL),
(159, 29, 'Room 3', NULL),
(160, 29, 'Room 4', NULL),
(161, 29, 'Room 5', NULL),
(162, 29, 'Room 6', NULL),
(163, 29, 'Room 7', NULL),
(164, 29, 'Room 8', NULL);

-- --------------------------------------------------------

--
-- Table structure for table `slip`
--

CREATE TABLE `slip` (
  `id` int NOT NULL,
  `patient_id` int NOT NULL,
  `priority_id` int NOT NULL,
  `approved_by_id` int DEFAULT NULL,
  `seen_date` datetime NOT NULL,
  `diagnosis` longtext COLLATE utf8mb4_unicode_ci NOT NULL,
  `admitting_team` varchar(40) COLLATE utf8mb4_unicode_ci NOT NULL,
  `evaluating_resident` varchar(100) COLLATE utf8mb4_unicode_ci NOT NULL,
  `senior_surgeon` varchar(100) COLLATE utf8mb4_unicode_ci NOT NULL,
  `status` int NOT NULL,
  `user_id` int NOT NULL
) ENGINE=InnoDB DEFAULT CHARSET=utf8mb4 COLLATE=utf8mb4_unicode_ci;

--
-- Dumping data for table `slip`
--

INSERT INTO `slip` (`id`, `patient_id`, `priority_id`, `approved_by_id`, `seen_date`, `diagnosis`, `admitting_team`, `evaluating_resident`, `senior_surgeon`, `status`, `user_id`) VALUES
(2, 1, 2, NULL, '2022-02-25 18:59:07', 'TB', 'Team 2', 'Dr Seid', 'Dr Mamo', 1, 1),
(3, 1, 2, NULL, '2022-02-25 18:59:07', 'TB', 'Team 2', 'Dr Seid', 'Dr Mamo', 1, 1),
(4, 1, 2, NULL, '2022-02-25 18:59:07', 'TB', 'Team 2', 'Dr Seid', 'Dr Mamo', 1, 1),
(5, 1, 2, NULL, '2022-02-25 18:59:07', 'TB', 'Team 2', 'Dr Seid', 'Dr Mamo', 1, 1);

-- --------------------------------------------------------

--
-- Table structure for table `unit`
--

CREATE TABLE `unit` (
  `id` int NOT NULL,
  `ward_id` int NOT NULL,
  `name` varchar(60) COLLATE utf8mb4_unicode_ci NOT NULL,
  `description` longtext COLLATE utf8mb4_unicode_ci,
  `last_updated` datetime DEFAULT NULL
) ENGINE=InnoDB DEFAULT CHARSET=utf8mb4 COLLATE=utf8mb4_unicode_ci;

--
-- Dumping data for table `unit`
--

INSERT INTO `unit` (`id`, `ward_id`, `name`, `description`, `last_updated`) VALUES
(4, 1, 'Pulmunary Unit', NULL, '2022-04-03 16:27:58'),
(5, 1, 'Stroke Unit', NULL, '2022-04-03 16:28:04'),
(6, 1, 'Isolation Unit', NULL, '2022-04-04 16:28:09'),
(7, 1, 'General Female  Unit', NULL, '2022-04-05 15:16:27'),
(8, 1, 'General Male Unit', NULL, '2022-03-02 16:41:58'),
(9, 3, 'Privet and High risk Unit', NULL, '2022-03-13 16:41:53'),
(10, 3, 'Matharnity General  Unit', NULL, '2022-03-01 16:41:41'),
(11, 4, 'Pediatrices oncology 1 Unit', NULL, '2022-03-28 16:41:47'),
(12, 4, 'Pediatrices oncology 2 Unit', NULL, '2022-03-18 16:41:34'),
(13, 4, 'General Pediatrices unit', NULL, '2022-04-03 16:41:30'),
(14, 4, 'Pediatrices  cardiac Unit', NULL, '2022-02-08 16:41:25'),
(15, 2, 'Burn Unit', NULL, '2022-04-07 14:56:57'),
(16, 2, 'Plastic Unit', NULL, '2022-03-16 16:41:15'),
(17, 2, 'Gi Oncology Unit', NULL, '2022-03-14 16:41:09'),
(18, 2, 'Private Wing Unit', NULL, '2022-03-22 16:41:03'),
(19, 2, 'Surgical Emeregency(a) unit', NULL, '2022-03-08 16:40:59'),
(20, 2, 'Surgical Emeregency(b) unit', NULL, '2022-03-14 16:40:53'),
(21, 5, 'Urogynecology & Pelvic Reconstruction Surgery 1 unit', NULL, '2022-03-21 16:40:46'),
(22, 5, 'Urogynecology & Pelvic Reconstruction Surgery 2 unit', NULL, '2022-03-13 16:40:40'),
(23, 5, 'Gynaecology  Unit', NULL, '2022-04-11 11:37:48'),
(29, 1, 'Cardiac Unit', NULL, '2022-04-23 19:34:44');

-- --------------------------------------------------------

--
-- Table structure for table `user`
--

CREATE TABLE `user` (
  `id` int NOT NULL,
  `registered_by_id` int DEFAULT NULL,
  `username` varchar(180) COLLATE utf8mb4_unicode_ci NOT NULL,
  `roles` json NOT NULL,
  `password` varchar(255) COLLATE utf8mb4_unicode_ci NOT NULL,
  `first_name` varchar(50) COLLATE utf8mb4_unicode_ci NOT NULL,
  `father_name` varchar(50) COLLATE utf8mb4_unicode_ci NOT NULL,
  `last_name` varchar(50) COLLATE utf8mb4_unicode_ci DEFAULT NULL,
  `sex` varchar(30) COLLATE utf8mb4_unicode_ci NOT NULL,
  `email` varchar(50) COLLATE utf8mb4_unicode_ci DEFAULT NULL,
  `phone` varchar(20) COLLATE utf8mb4_unicode_ci DEFAULT NULL,
  `is_active` tinyint(1) NOT NULL,
  `last_login` datetime DEFAULT NULL,
  `ward_id` int DEFAULT NULL,
  `status` int DEFAULT NULL,
  `created_at` datetime DEFAULT NULL,
  `is_online` tinyint(1) NOT NULL,
  `photo` varchar(255) COLLATE utf8mb4_unicode_ci DEFAULT NULL
) ENGINE=InnoDB DEFAULT CHARSET=utf8mb4 COLLATE=utf8mb4_unicode_ci;

--
-- Dumping data for table `user`
--

INSERT INTO `user` (`id`, `registered_by_id`, `username`, `roles`, `password`, `first_name`, `father_name`, `last_name`, `sex`, `email`, `phone`, `is_active`, `last_login`, `ward_id`, `status`, `created_at`, `is_online`, `photo`) VALUES
(1, 1, 'seid', '[\"ROLE_SUPERADMIN\"]', '$2y$13$KVIfQGpWfY7jSFrSCmKVQeu/Ql790trx7aFP0AwDCpkUhFNV3ch96', 'Seid', 'Mohammed', 'Seid', 'M', 'seidm9815@gmail.com', '0985192541', 1, '2022-11-08 00:20:58', NULL, 0, '2022-03-14 23:56:34', 1, ''),
(5, 1, 'abdurabra', '[\"ROLE_ADMIN\"]', '$2y$13$37wEcy/jXbuJpTHeQn7rbeVQBQlC1qKsTTP90uSNBVY6EGa.XETMO', 'Abduroham', 'Abrar', 'Mamo', 'M', 'abdi@ju.edu.et', '0982223223', 1, NULL, NULL, 0, '2022-03-08 23:56:38', 0, ''),
(6, 1, 'ermiyaked', '[\"ROLE_LIAISON\"]', '$2y$13$.g9ISWUwTJw36Cexz9xVKOJ6/wuv59blPieTZZUPYA2kWTSLXgZj.', 'Ermiyas', 'Kedir', 'Mamo', 'M', 'erimiyas@ju.edu.et', '0985665656', 1, '2022-03-05 21:42:53', NULL, 0, '2022-03-08 23:56:45', 0, ''),
(7, 1, 'fatumaseid', '[\"ROLE_CHECKPOINT\"]', '$2y$13$Np8ZtgFXhn6uzfS7K7hM1eIVDKky7xvGaRE3Syo1/YqDBJwXskZ2m', 'Fatuma', 'Seid', 'Shume', 'F', 'fatuma@ju.edu.et', '0985748544', 1, '2022-04-22 15:19:29', 1, 0, '2022-03-01 23:56:41', 1, ''),
(8, 1, 'mamusakeb', '[\"ROLE_CHECKPOINT\"]', '$2y$13$C7omdBc7n9Ay0QehydkOueZUoAwL.IrPt1L7NjiNeO36Q7XVFFXYW', 'Mamusah', 'Kebede', 'Mamo', 'M', NULL, NULL, 1, '2022-04-18 09:50:01', 1, 0, '2022-03-08 21:49:15', 1, ''),
(9, 1, 'nursnurs', '[\"ROLE_GATE_KEEPER\"]', '$2y$13$IOEB58kNnsvUUrFMYnzvq.aLKkwbzw2ClV3AcD8na6.qdCkqNUVsu', 'Nurse', 'Nurse', 'Nurse', 'M', 'nurse', NULL, 1, '2022-04-04 23:56:15', 3, 0, '2022-03-09 10:51:34', 1, ''),
(10, 1, 'nursenurse', '[\"ROLE_NURSE\"]', '$2y$13$VPxXLRAC/2.HMp/klu3VWuXoWScdm30MkylDSUeUCiJcOWnuGY.GS', 'Nurse', 'Nurse', 'Nurse', 'M', 'nurse', NULL, 1, '2022-04-05 23:18:51', NULL, 0, '2022-03-09 10:52:58', 1, ''),
(11, 1, 'nursnurse', '[\"ROLE_NURSE\"]', '$2y$13$ufuN8BL7c2Z1ougg/eaDUuxiEodbcUKZ797ZHMLBXZeFvucrdvjIy', 'Nurse', 'Nurse', 'Nurse', 'M', 'nurse', NULL, 1, NULL, NULL, 0, '2022-03-09 10:53:15', 0, ''),
(12, 1, 'fetiya', '[\"ROLE_ADMIN\"]', '$2y$13$Z5W6ZhW3jzloJUEw2U4s8.KIGZ.8bMAgV6WSEniTE4oDiwhu.3.fm', 'Dr Fetiya', 'Admin', 'Admin', 'F', 'fetiya@ju.edu.et', NULL, 1, '2022-04-05 10:45:12', NULL, 0, '2022-04-04 11:09:59', 1, NULL),
(15, 1, 'cardwork', '[\"ROLE_DATA_ENCODER\"]', '$2y$13$ZWnRa4.Fv1LInXzouaYEJesOcj3bg0wNYKEUZr0uEybbzGgg0toFe', 'Card', 'worker', 'No', 'M', NULL, NULL, 1, '2022-04-12 16:12:41', NULL, 0, '2022-04-10 23:55:49', 1, NULL),
(18, 1, 'cardwork2', '[\"ROLE_DATA_ENCODER\"]', '$2y$13$ZWnRa4.Fv1LInXzouaYEJesOcj3bg0wNYKEUZr0uEybbzGgg0toFe', 'Card', 'worker', 'No', 'M', NULL, NULL, 1, '2022-04-12 16:12:41', NULL, 0, '2022-04-10 23:55:49', 1, NULL);

-- --------------------------------------------------------

--
-- Table structure for table `user_group`
--

CREATE TABLE `user_group` (
  `id` int NOT NULL,
  `name` varchar(30) COLLATE utf8mb4_unicode_ci NOT NULL,
  `description` varchar(255) COLLATE utf8mb4_unicode_ci DEFAULT NULL,
  `updated_at` datetime DEFAULT NULL,
  `is_active` tinyint(1) NOT NULL,
  `updated_by_id` int NOT NULL
) ENGINE=InnoDB DEFAULT CHARSET=utf8mb4 COLLATE=utf8mb4_unicode_ci;

--
-- Dumping data for table `user_group`
--

INSERT INTO `user_group` (`id`, `name`, `description`, `updated_at`, `is_active`, `updated_by_id`) VALUES
(1, 'System Administrator', NULL, '2022-11-05 11:41:02', 1, 1),
(2, 'Laion officer', NULL, '2022-02-27 23:28:28', 1, 1),
(3, 'Gate Keeper', NULL, '2022-02-27 16:52:38', 1, 1),
(4, 'Physician', NULL, '2022-02-27 16:52:43', 1, 1);

-- --------------------------------------------------------

--
-- Table structure for table `user_user_group`
--

CREATE TABLE `user_user_group` (
  `user_id` int NOT NULL,
  `user_group_id` int NOT NULL
) ENGINE=InnoDB DEFAULT CHARSET=utf8mb4 COLLATE=utf8mb4_unicode_ci;

--
-- Dumping data for table `user_user_group`
--

INSERT INTO `user_user_group` (`user_id`, `user_group_id`) VALUES
(1, 1);

-- --------------------------------------------------------

--
-- Table structure for table `visitor`
--

CREATE TABLE `visitor` (
  `id` int NOT NULL,
  `patient_id` int NOT NULL,
  `admission_id` int DEFAULT NULL,
  `first_name` varchar(30) COLLATE utf8mb4_unicode_ci NOT NULL,
  `last_name` varchar(30) COLLATE utf8mb4_unicode_ci NOT NULL,
  `sex` varchar(10) COLLATE utf8mb4_unicode_ci NOT NULL,
  `date_of_visit` datetime NOT NULL,
  `relation` varchar(50) COLLATE utf8mb4_unicode_ci NOT NULL,
  `user_id` int NOT NULL,
  `exit_time` datetime NOT NULL
) ENGINE=InnoDB DEFAULT CHARSET=utf8mb4 COLLATE=utf8mb4_unicode_ci;

-- --------------------------------------------------------

--
-- Table structure for table `vital_sign`
--

CREATE TABLE `vital_sign` (
  `id` int NOT NULL,
  `temperature` double DEFAULT NULL,
  `heart_rate` varchar(50) COLLATE utf8mb4_unicode_ci DEFAULT NULL,
  `respiratory_rate` varchar(50) COLLATE utf8mb4_unicode_ci DEFAULT NULL,
  `blood_pressure` varchar(50) COLLATE utf8mb4_unicode_ci DEFAULT NULL,
  `encounter_id` int DEFAULT NULL
) ENGINE=InnoDB DEFAULT CHARSET=utf8mb4 COLLATE=utf8mb4_unicode_ci;

--
-- Dumping data for table `vital_sign`
--

INSERT INTO `vital_sign` (`id`, `temperature`, `heart_rate`, `respiratory_rate`, `blood_pressure`, `encounter_id`) VALUES
(1, 36.6, '45.6', '5.4', '45.7', 31);

-- --------------------------------------------------------

--
-- Table structure for table `ward`
--

CREATE TABLE `ward` (
  `id` int NOT NULL,
  `name` varchar(40) COLLATE utf8mb4_unicode_ci NOT NULL,
  `description` longtext COLLATE utf8mb4_unicode_ci
) ENGINE=InnoDB DEFAULT CHARSET=utf8mb4 COLLATE=utf8mb4_unicode_ci;

--
-- Dumping data for table `ward`
--

INSERT INTO `ward` (`id`, `name`, `description`) VALUES
(1, 'Medical Ward', NULL),
(2, 'Surgiacal Ward', NULL),
(3, 'Matharnity Ward', 'It is child birth'),
(4, 'Pediatrices Ward', 'It is child adminssion'),
(5, 'Gynaecology Ward', NULL);

-- --------------------------------------------------------

--
-- Table structure for table `woreda`
--

CREATE TABLE `woreda` (
  `id` int NOT NULL,
  `name` varchar(30) COLLATE utf8mb4_unicode_ci NOT NULL,
  `description` varchar(255) COLLATE utf8mb4_unicode_ci DEFAULT NULL,
  `zone_id` int DEFAULT NULL
) ENGINE=InnoDB DEFAULT CHARSET=utf8mb4 COLLATE=utf8mb4_unicode_ci;

--
-- Dumping data for table `woreda`
--

INSERT INTO `woreda` (`id`, `name`, `description`, `zone_id`) VALUES
(1, 'Jimma Twon', NULL, 1),
(2, 'Serbo', NULL, 1),
(3, 'Agaro', NULL, 1),
(4, 'Gera', NULL, 1),
(5, 'Limu Kosa', NULL, 1),
(6, 'Limu Seka', NULL, 1),
(7, 'Omo Nada', NULL, 1),
(8, 'Asendabo', NULL, 1),
(9, 'Omo Beyem', NULL, 1),
(10, 'Gambela twon', NULL, 11),
(11, 'Chora', NULL, 3);

-- --------------------------------------------------------

--
-- Table structure for table `zone`
--

CREATE TABLE `zone` (
  `id` int NOT NULL,
  `region_id` int DEFAULT NULL,
  `name` varchar(100) COLLATE utf8mb4_unicode_ci NOT NULL,
  `description` longtext COLLATE utf8mb4_unicode_ci
) ENGINE=InnoDB DEFAULT CHARSET=utf8mb4 COLLATE=utf8mb4_unicode_ci;

--
-- Dumping data for table `zone`
--

INSERT INTO `zone` (`id`, `region_id`, `name`, `description`) VALUES
(1, 4, 'Jimma', NULL),
(2, 7, 'Kefa', NULL),
(3, 4, 'Buno Bedele', NULL),
(4, 4, 'Elibabor', NULL),
(5, 7, 'Konta', NULL),
(6, 7, 'Sheka', NULL),
(7, 7, 'South Omo', NULL),
(8, 7, 'Benchi Sheko', NULL),
(9, 8, 'Nuwer', NULL),
(10, 8, 'Anguake', NULL),
(11, 8, 'Gambela City', NULL),
(12, 8, 'Mezshenger', NULL);

--
-- Indexes for dumped tables
--

--
-- Indexes for table `admimssion`
--
ALTER TABLE `admimssion`
  ADD PRIMARY KEY (`id`),
  ADD KEY `IDX_F51B29BD6B899279` (`patient_id`),
  ADD KEY `IDX_F51B29BD88688BB9` (`bed_id`),
  ADD KEY `IDX_F51B29BDA76ED395` (`user_id`),
  ADD KEY `IDX_F51B29BDE6EE6D63` (`outcome_id`),
  ADD KEY `IDX_F51B29BD75C9C554` (`admission_id`),
  ADD KEY `IDX_F51B29BDC54C8C93` (`type_id`),
  ADD KEY `IDX_F51B29BDD60FA5C8` (`refer_out_id`);

--
-- Indexes for table `admimssion_type`
--
ALTER TABLE `admimssion_type`
  ADD PRIMARY KEY (`id`);

--
-- Indexes for table `appointment`
--
ALTER TABLE `appointment`
  ADD PRIMARY KEY (`id`),
  ADD KEY `IDX_FE38F8446B899279` (`patient_id`),
  ADD KEY `IDX_FE38F844A76ED395` (`user_id`),
  ADD KEY `IDX_FE38F844F8BD700D` (`unit_id`),
  ADD KEY `IDX_FE38F844A714CAFB` (`priority_level_id`),
  ADD KEY `IDX_FE38F844E91ED9D1` (`why_appointed_id`);

--
-- Indexes for table `assessment`
--
ALTER TABLE `assessment`
  ADD PRIMARY KEY (`id`),
  ADD KEY `IDX_F7523D705A448E63` (`physcian_id`),
  ADD KEY `IDX_F7523D706B899279` (`patient_id`);

--
-- Indexes for table `bed`
--
ALTER TABLE `bed`
  ADD PRIMARY KEY (`id`),
  ADD KEY `IDX_E647FCFF54177093` (`room_id`),
  ADD KEY `IDX_E647FCFF27E92E18` (`registered_by_id`);

--
-- Indexes for table `department`
--
ALTER TABLE `department`
  ADD PRIMARY KEY (`id`);

--
-- Indexes for table `diagnosis`
--
ALTER TABLE `diagnosis`
  ADD PRIMARY KEY (`id`);

--
-- Indexes for table `disease_category`
--
ALTER TABLE `disease_category`
  ADD PRIMARY KEY (`id`);

--
-- Indexes for table `doctrine_migration_versions`
--
ALTER TABLE `doctrine_migration_versions`
  ADD PRIMARY KEY (`version`);

--
-- Indexes for table `encounter`
--
ALTER TABLE `encounter`
  ADD PRIMARY KEY (`id`),
  ADD KEY `IDX_69D229CAC54C8C93` (`type_id`),
  ADD KEY `IDX_69D229CAB03A8386` (`created_by_id`),
  ADD KEY `IDX_69D229CA816C6140` (`destination_id`),
  ADD KEY `IDX_69D229CA834FFBC0` (`referout_id`),
  ADD KEY `IDX_69D229CA6B899279` (`patient_id`),
  ADD KEY `IDX_69D229CA896DBBDE` (`updated_by_id`),
  ADD KEY `IDX_69D229CAF8B8D249` (`referral_reason_id`),
  ADD KEY `IDX_69D229CA758C8114` (`referred_by_id`),
  ADD KEY `IDX_69D229CA7A2BC3C1` (`disease_category_id`),
  ADD KEY `IDX_69D229CAF4BD7827` (`assigned_to_id`);

--
-- Indexes for table `encounter_type`
--
ALTER TABLE `encounter_type`
  ADD PRIMARY KEY (`id`);

--
-- Indexes for table `health_facility`
--
ALTER TABLE `health_facility`
  ADD PRIMARY KEY (`id`),
  ADD KEY `IDX_F87CE91C2EE60A87` (`woreda_id`);

--
-- Indexes for table `kebele`
--
ALTER TABLE `kebele`
  ADD PRIMARY KEY (`id`),
  ADD KEY `IDX_A98021382EE60A87` (`woreda_id`);

--
-- Indexes for table `outcome`
--
ALTER TABLE `outcome`
  ADD PRIMARY KEY (`id`);

--
-- Indexes for table `patient`
--
ALTER TABLE `patient`
  ADD PRIMARY KEY (`id`),
  ADD KEY `IDX_1ADAD7EB93DD874F` (`referred_from_id`),
  ADD KEY `IDX_1ADAD7EBA76ED395` (`user_id`),
  ADD KEY `IDX_1ADAD7EB98260155` (`region_id`),
  ADD KEY `IDX_1ADAD7EB9F2C3FAB` (`zone_id`),
  ADD KEY `IDX_1ADAD7EB2EE60A87` (`woreda_id`);

--
-- Indexes for table `permission`
--
ALTER TABLE `permission`
  ADD PRIMARY KEY (`id`);

--
-- Indexes for table `permission_user_group`
--
ALTER TABLE `permission_user_group`
  ADD PRIMARY KEY (`permission_id`,`user_group_id`),
  ADD KEY `IDX_CB2465C0FED90CCA` (`permission_id`),
  ADD KEY `IDX_CB2465C01ED93D47` (`user_group_id`);

--
-- Indexes for table `priority`
--
ALTER TABLE `priority`
  ADD PRIMARY KEY (`id`);

--
-- Indexes for table `reason_of_appointment`
--
ALTER TABLE `reason_of_appointment`
  ADD PRIMARY KEY (`id`);

--
-- Indexes for table `reason_of_referral`
--
ALTER TABLE `reason_of_referral`
  ADD PRIMARY KEY (`id`);

--
-- Indexes for table `referrals`
--
ALTER TABLE `referrals`
  ADD PRIMARY KEY (`id`);

--
-- Indexes for table `region`
--
ALTER TABLE `region`
  ADD PRIMARY KEY (`id`);

--
-- Indexes for table `reset_password_request`
--
ALTER TABLE `reset_password_request`
  ADD PRIMARY KEY (`id`),
  ADD KEY `IDX_7CE748AA76ED395` (`user_id`);

--
-- Indexes for table `room`
--
ALTER TABLE `room`
  ADD PRIMARY KEY (`id`),
  ADD KEY `IDX_729F519BF8BD700D` (`unit_id`);

--
-- Indexes for table `slip`
--
ALTER TABLE `slip`
  ADD PRIMARY KEY (`id`),
  ADD KEY `IDX_FD3943F86B899279` (`patient_id`),
  ADD KEY `IDX_FD3943F8497B19F9` (`priority_id`),
  ADD KEY `IDX_FD3943F82D234F6A` (`approved_by_id`),
  ADD KEY `IDX_FD3943F8A76ED395` (`user_id`);

--
-- Indexes for table `unit`
--
ALTER TABLE `unit`
  ADD PRIMARY KEY (`id`),
  ADD KEY `IDX_DCBB0C53D95D22FD` (`ward_id`);

--
-- Indexes for table `user`
--
ALTER TABLE `user`
  ADD PRIMARY KEY (`id`),
  ADD UNIQUE KEY `UNIQ_8D93D649F85E0677` (`username`),
  ADD KEY `IDX_8D93D64927E92E18` (`registered_by_id`),
  ADD KEY `IDX_8D93D649D95D22FD` (`ward_id`);

--
-- Indexes for table `user_group`
--
ALTER TABLE `user_group`
  ADD PRIMARY KEY (`id`),
  ADD KEY `IDX_8F02BF9D896DBBDE` (`updated_by_id`);

--
-- Indexes for table `user_user_group`
--
ALTER TABLE `user_user_group`
  ADD PRIMARY KEY (`user_id`,`user_group_id`),
  ADD KEY `IDX_28657971A76ED395` (`user_id`),
  ADD KEY `IDX_286579711ED93D47` (`user_group_id`);

--
-- Indexes for table `visitor`
--
ALTER TABLE `visitor`
  ADD PRIMARY KEY (`id`),
  ADD KEY `IDX_CAE5E19F6B899279` (`patient_id`),
  ADD KEY `IDX_CAE5E19F75C9C554` (`admission_id`),
  ADD KEY `IDX_CAE5E19FA76ED395` (`user_id`);

--
-- Indexes for table `vital_sign`
--
ALTER TABLE `vital_sign`
  ADD PRIMARY KEY (`id`),
  ADD KEY `IDX_9689ABB4D6E2FADC` (`encounter_id`);

--
-- Indexes for table `ward`
--
ALTER TABLE `ward`
  ADD PRIMARY KEY (`id`);

--
-- Indexes for table `woreda`
--
ALTER TABLE `woreda`
  ADD PRIMARY KEY (`id`),
  ADD KEY `IDX_889E2F79F2C3FAB` (`zone_id`);

--
-- Indexes for table `zone`
--
ALTER TABLE `zone`
  ADD PRIMARY KEY (`id`),
  ADD KEY `IDX_A0EBC00798260155` (`region_id`);

--
-- AUTO_INCREMENT for dumped tables
--

--
-- AUTO_INCREMENT for table `admimssion`
--
ALTER TABLE `admimssion`
  MODIFY `id` int NOT NULL AUTO_INCREMENT, AUTO_INCREMENT=28;

--
-- AUTO_INCREMENT for table `admimssion_type`
--
ALTER TABLE `admimssion_type`
  MODIFY `id` int NOT NULL AUTO_INCREMENT, AUTO_INCREMENT=3;

--
-- AUTO_INCREMENT for table `appointment`
--
ALTER TABLE `appointment`
  MODIFY `id` int NOT NULL AUTO_INCREMENT, AUTO_INCREMENT=13;

--
-- AUTO_INCREMENT for table `assessment`
--
ALTER TABLE `assessment`
  MODIFY `id` int NOT NULL AUTO_INCREMENT, AUTO_INCREMENT=4;

--
-- AUTO_INCREMENT for table `bed`
--
ALTER TABLE `bed`
  MODIFY `id` int NOT NULL AUTO_INCREMENT, AUTO_INCREMENT=436;

--
-- AUTO_INCREMENT for table `department`
--
ALTER TABLE `department`
  MODIFY `id` int NOT NULL AUTO_INCREMENT, AUTO_INCREMENT=19;

--
-- AUTO_INCREMENT for table `diagnosis`
--
ALTER TABLE `diagnosis`
  MODIFY `id` int NOT NULL AUTO_INCREMENT;

--
-- AUTO_INCREMENT for table `disease_category`
--
ALTER TABLE `disease_category`
  MODIFY `id` int NOT NULL AUTO_INCREMENT, AUTO_INCREMENT=7;

--
-- AUTO_INCREMENT for table `encounter`
--
ALTER TABLE `encounter`
  MODIFY `id` int NOT NULL AUTO_INCREMENT, AUTO_INCREMENT=32;

--
-- AUTO_INCREMENT for table `encounter_type`
--
ALTER TABLE `encounter_type`
  MODIFY `id` int NOT NULL AUTO_INCREMENT, AUTO_INCREMENT=3;

--
-- AUTO_INCREMENT for table `health_facility`
--
ALTER TABLE `health_facility`
  MODIFY `id` int NOT NULL AUTO_INCREMENT, AUTO_INCREMENT=61;

--
-- AUTO_INCREMENT for table `kebele`
--
ALTER TABLE `kebele`
  MODIFY `id` int NOT NULL AUTO_INCREMENT;

--
-- AUTO_INCREMENT for table `outcome`
--
ALTER TABLE `outcome`
  MODIFY `id` int NOT NULL AUTO_INCREMENT, AUTO_INCREMENT=7;

--
-- AUTO_INCREMENT for table `patient`
--
ALTER TABLE `patient`
  MODIFY `id` int NOT NULL AUTO_INCREMENT, AUTO_INCREMENT=23;

--
-- AUTO_INCREMENT for table `permission`
--
ALTER TABLE `permission`
  MODIFY `id` int NOT NULL AUTO_INCREMENT, AUTO_INCREMENT=13;

--
-- AUTO_INCREMENT for table `priority`
--
ALTER TABLE `priority`
  MODIFY `id` int NOT NULL AUTO_INCREMENT, AUTO_INCREMENT=5;

--
-- AUTO_INCREMENT for table `reason_of_appointment`
--
ALTER TABLE `reason_of_appointment`
  MODIFY `id` int NOT NULL AUTO_INCREMENT, AUTO_INCREMENT=4;

--
-- AUTO_INCREMENT for table `reason_of_referral`
--
ALTER TABLE `reason_of_referral`
  MODIFY `id` int NOT NULL AUTO_INCREMENT, AUTO_INCREMENT=3;

--
-- AUTO_INCREMENT for table `referrals`
--
ALTER TABLE `referrals`
  MODIFY `id` int NOT NULL AUTO_INCREMENT, AUTO_INCREMENT=5;

--
-- AUTO_INCREMENT for table `region`
--
ALTER TABLE `region`
  MODIFY `id` int NOT NULL AUTO_INCREMENT, AUTO_INCREMENT=12;

--
-- AUTO_INCREMENT for table `reset_password_request`
--
ALTER TABLE `reset_password_request`
  MODIFY `id` int NOT NULL AUTO_INCREMENT;

--
-- AUTO_INCREMENT for table `room`
--
ALTER TABLE `room`
  MODIFY `id` int NOT NULL AUTO_INCREMENT, AUTO_INCREMENT=165;

--
-- AUTO_INCREMENT for table `slip`
--
ALTER TABLE `slip`
  MODIFY `id` int NOT NULL AUTO_INCREMENT, AUTO_INCREMENT=9;

--
-- AUTO_INCREMENT for table `unit`
--
ALTER TABLE `unit`
  MODIFY `id` int NOT NULL AUTO_INCREMENT, AUTO_INCREMENT=30;

--
-- AUTO_INCREMENT for table `user`
--
ALTER TABLE `user`
  MODIFY `id` int NOT NULL AUTO_INCREMENT, AUTO_INCREMENT=19;

--
-- AUTO_INCREMENT for table `user_group`
--
ALTER TABLE `user_group`
  MODIFY `id` int NOT NULL AUTO_INCREMENT, AUTO_INCREMENT=5;

--
-- AUTO_INCREMENT for table `visitor`
--
ALTER TABLE `visitor`
  MODIFY `id` int NOT NULL AUTO_INCREMENT, AUTO_INCREMENT=9;

--
-- AUTO_INCREMENT for table `vital_sign`
--
ALTER TABLE `vital_sign`
  MODIFY `id` int NOT NULL AUTO_INCREMENT, AUTO_INCREMENT=2;

--
-- AUTO_INCREMENT for table `ward`
--
ALTER TABLE `ward`
  MODIFY `id` int NOT NULL AUTO_INCREMENT, AUTO_INCREMENT=7;

--
-- AUTO_INCREMENT for table `woreda`
--
ALTER TABLE `woreda`
  MODIFY `id` int NOT NULL AUTO_INCREMENT, AUTO_INCREMENT=12;

--
-- AUTO_INCREMENT for table `zone`
--
ALTER TABLE `zone`
  MODIFY `id` int NOT NULL AUTO_INCREMENT, AUTO_INCREMENT=13;

--
-- Constraints for dumped tables
--

--
-- Constraints for table `admimssion`
--
ALTER TABLE `admimssion`
  ADD CONSTRAINT `FK_F51B29BD6B899279` FOREIGN KEY (`patient_id`) REFERENCES `patient` (`id`),
  ADD CONSTRAINT `FK_F51B29BD75C9C554` FOREIGN KEY (`admission_id`) REFERENCES `admimssion` (`id`),
  ADD CONSTRAINT `FK_F51B29BD88688BB9` FOREIGN KEY (`bed_id`) REFERENCES `bed` (`id`),
  ADD CONSTRAINT `FK_F51B29BDA76ED395` FOREIGN KEY (`user_id`) REFERENCES `user` (`id`),
  ADD CONSTRAINT `FK_F51B29BDC54C8C93` FOREIGN KEY (`type_id`) REFERENCES `admimssion_type` (`id`),
  ADD CONSTRAINT `FK_F51B29BDD60FA5C8` FOREIGN KEY (`refer_out_id`) REFERENCES `referrals` (`id`),
  ADD CONSTRAINT `FK_F51B29BDE6EE6D63` FOREIGN KEY (`outcome_id`) REFERENCES `outcome` (`id`);

--
-- Constraints for table `appointment`
--
ALTER TABLE `appointment`
  ADD CONSTRAINT `FK_FE38F8446B899279` FOREIGN KEY (`patient_id`) REFERENCES `patient` (`id`),
  ADD CONSTRAINT `FK_FE38F844A714CAFB` FOREIGN KEY (`priority_level_id`) REFERENCES `priority` (`id`),
  ADD CONSTRAINT `FK_FE38F844A76ED395` FOREIGN KEY (`user_id`) REFERENCES `user` (`id`),
  ADD CONSTRAINT `FK_FE38F844E91ED9D1` FOREIGN KEY (`why_appointed_id`) REFERENCES `reason_of_appointment` (`id`),
  ADD CONSTRAINT `FK_FE38F844F8BD700D` FOREIGN KEY (`unit_id`) REFERENCES `unit` (`id`);

--
-- Constraints for table `assessment`
--
ALTER TABLE `assessment`
  ADD CONSTRAINT `FK_F7523D705A448E63` FOREIGN KEY (`physcian_id`) REFERENCES `user` (`id`),
  ADD CONSTRAINT `FK_F7523D706B899279` FOREIGN KEY (`patient_id`) REFERENCES `patient` (`id`);

--
-- Constraints for table `bed`
--
ALTER TABLE `bed`
  ADD CONSTRAINT `FK_E647FCFF27E92E18` FOREIGN KEY (`registered_by_id`) REFERENCES `user` (`id`),
  ADD CONSTRAINT `FK_E647FCFF54177093` FOREIGN KEY (`room_id`) REFERENCES `room` (`id`);

--
-- Constraints for table `encounter`
--
ALTER TABLE `encounter`
  ADD CONSTRAINT `FK_69D229CA6B899279` FOREIGN KEY (`patient_id`) REFERENCES `patient` (`id`),
  ADD CONSTRAINT `FK_69D229CA758C8114` FOREIGN KEY (`referred_by_id`) REFERENCES `user` (`id`),
  ADD CONSTRAINT `FK_69D229CA7A2BC3C1` FOREIGN KEY (`disease_category_id`) REFERENCES `disease_category` (`id`),
  ADD CONSTRAINT `FK_69D229CA816C6140` FOREIGN KEY (`destination_id`) REFERENCES `department` (`id`),
  ADD CONSTRAINT `FK_69D229CA834FFBC0` FOREIGN KEY (`referout_id`) REFERENCES `referrals` (`id`),
  ADD CONSTRAINT `FK_69D229CA896DBBDE` FOREIGN KEY (`updated_by_id`) REFERENCES `user` (`id`),
  ADD CONSTRAINT `FK_69D229CAB03A8386` FOREIGN KEY (`created_by_id`) REFERENCES `user` (`id`),
  ADD CONSTRAINT `FK_69D229CAC54C8C93` FOREIGN KEY (`type_id`) REFERENCES `encounter_type` (`id`),
  ADD CONSTRAINT `FK_69D229CAF4BD7827` FOREIGN KEY (`assigned_to_id`) REFERENCES `user` (`id`),
  ADD CONSTRAINT `FK_69D229CAF8B8D249` FOREIGN KEY (`referral_reason_id`) REFERENCES `reason_of_referral` (`id`);

--
-- Constraints for table `health_facility`
--
ALTER TABLE `health_facility`
  ADD CONSTRAINT `FK_F87CE91C2EE60A87` FOREIGN KEY (`woreda_id`) REFERENCES `woreda` (`id`);

--
-- Constraints for table `kebele`
--
ALTER TABLE `kebele`
  ADD CONSTRAINT `FK_A98021382EE60A87` FOREIGN KEY (`woreda_id`) REFERENCES `woreda` (`id`);

--
-- Constraints for table `patient`
--
ALTER TABLE `patient`
  ADD CONSTRAINT `FK_1ADAD7EB2EE60A87` FOREIGN KEY (`woreda_id`) REFERENCES `woreda` (`id`),
  ADD CONSTRAINT `FK_1ADAD7EB93DD874F` FOREIGN KEY (`referred_from_id`) REFERENCES `health_facility` (`id`),
  ADD CONSTRAINT `FK_1ADAD7EB98260155` FOREIGN KEY (`region_id`) REFERENCES `region` (`id`),
  ADD CONSTRAINT `FK_1ADAD7EB9F2C3FAB` FOREIGN KEY (`zone_id`) REFERENCES `zone` (`id`),
  ADD CONSTRAINT `FK_1ADAD7EBA76ED395` FOREIGN KEY (`user_id`) REFERENCES `user` (`id`);

--
-- Constraints for table `permission_user_group`
--
ALTER TABLE `permission_user_group`
  ADD CONSTRAINT `FK_CB2465C01ED93D47` FOREIGN KEY (`user_group_id`) REFERENCES `user_group` (`id`) ON DELETE CASCADE,
  ADD CONSTRAINT `FK_CB2465C0FED90CCA` FOREIGN KEY (`permission_id`) REFERENCES `permission` (`id`) ON DELETE CASCADE;

--
-- Constraints for table `reset_password_request`
--
ALTER TABLE `reset_password_request`
  ADD CONSTRAINT `FK_7CE748AA76ED395` FOREIGN KEY (`user_id`) REFERENCES `user` (`id`);

--
-- Constraints for table `room`
--
ALTER TABLE `room`
  ADD CONSTRAINT `FK_729F519BF8BD700D` FOREIGN KEY (`unit_id`) REFERENCES `unit` (`id`);

--
-- Constraints for table `slip`
--
ALTER TABLE `slip`
  ADD CONSTRAINT `FK_FD3943F82D234F6A` FOREIGN KEY (`approved_by_id`) REFERENCES `user` (`id`),
  ADD CONSTRAINT `FK_FD3943F8497B19F9` FOREIGN KEY (`priority_id`) REFERENCES `priority` (`id`),
  ADD CONSTRAINT `FK_FD3943F86B899279` FOREIGN KEY (`patient_id`) REFERENCES `patient` (`id`),
  ADD CONSTRAINT `FK_FD3943F8A76ED395` FOREIGN KEY (`user_id`) REFERENCES `user` (`id`);

--
-- Constraints for table `unit`
--
ALTER TABLE `unit`
  ADD CONSTRAINT `FK_DCBB0C53D95D22FD` FOREIGN KEY (`ward_id`) REFERENCES `ward` (`id`);

--
-- Constraints for table `user`
--
ALTER TABLE `user`
  ADD CONSTRAINT `FK_8D93D64927E92E18` FOREIGN KEY (`registered_by_id`) REFERENCES `user` (`id`),
  ADD CONSTRAINT `FK_8D93D649D95D22FD` FOREIGN KEY (`ward_id`) REFERENCES `ward` (`id`);

--
-- Constraints for table `user_group`
--
ALTER TABLE `user_group`
  ADD CONSTRAINT `FK_8F02BF9D896DBBDE` FOREIGN KEY (`updated_by_id`) REFERENCES `user` (`id`);

--
-- Constraints for table `user_user_group`
--
ALTER TABLE `user_user_group`
  ADD CONSTRAINT `FK_286579711ED93D47` FOREIGN KEY (`user_group_id`) REFERENCES `user_group` (`id`) ON DELETE CASCADE,
  ADD CONSTRAINT `FK_28657971A76ED395` FOREIGN KEY (`user_id`) REFERENCES `user` (`id`) ON DELETE CASCADE;

--
-- Constraints for table `visitor`
--
ALTER TABLE `visitor`
  ADD CONSTRAINT `FK_CAE5E19F6B899279` FOREIGN KEY (`patient_id`) REFERENCES `patient` (`id`),
  ADD CONSTRAINT `FK_CAE5E19F75C9C554` FOREIGN KEY (`admission_id`) REFERENCES `admimssion` (`id`),
  ADD CONSTRAINT `FK_CAE5E19FA76ED395` FOREIGN KEY (`user_id`) REFERENCES `user` (`id`);

--
-- Constraints for table `vital_sign`
--
ALTER TABLE `vital_sign`
  ADD CONSTRAINT `FK_9689ABB4D6E2FADC` FOREIGN KEY (`encounter_id`) REFERENCES `encounter` (`id`);

--
-- Constraints for table `woreda`
--
ALTER TABLE `woreda`
  ADD CONSTRAINT `FK_889E2F79F2C3FAB` FOREIGN KEY (`zone_id`) REFERENCES `zone` (`id`);

--
-- Constraints for table `zone`
--
ALTER TABLE `zone`
  ADD CONSTRAINT `FK_A0EBC00798260155` FOREIGN KEY (`region_id`) REFERENCES `region` (`id`);
COMMIT;

/*!40101 SET CHARACTER_SET_CLIENT=@OLD_CHARACTER_SET_CLIENT */;
/*!40101 SET CHARACTER_SET_RESULTS=@OLD_CHARACTER_SET_RESULTS */;
/*!40101 SET COLLATION_CONNECTION=@OLD_COLLATION_CONNECTION */;
